jack_bauer,kiefer_sutherland,Jack Bauer,Kiefer Sutherland,https://www.imdb.com/title/tt0285331/characters/nm0000662
chloe_obrian,mary_lynn_rajskub,Chloe O'Brian,Mary Lynn Rajskub,https://www.imdb.com/title/tt0285331/characters/nm0707476
tony_almeida,carlos_bernard,Tony Almeida,Carlos Bernard,https://www.imdb.com/title/tt0285331/characters/nm0076167
president_david_palmer,dennis_haysbert,President David Palmer,Dennis Haysbert,https://www.imdb.com/title/tt0285331/characters/nm0371660
kim_bauer,elisha_cuthbert,Kim Bauer,Elisha Cuthbert,https://www.imdb.com/title/tt0285331/characters/nm0193846
bill_buchanan,james_morrison,Bill Buchanan,James Morrison,https://www.imdb.com/title/tt0285331/characters/nm0607175
michelle_dessler,reiko_aylesworth,Michelle Dessler,Reiko Aylesworth,https://www.imdb.com/title/tt0285331/characters/nm0043855
mike_novick,jude_ciccolella,Mike Novick,Jude Ciccolella,https://www.imdb.com/title/tt0285331/characters/nm0161980
audrey_raines,kim_raver,Audrey Raines,Kim Raver,https://www.imdb.com/title/tt0285331/characters/nm0005339
aaron_pierce,glenn_morshower,Aaron Pierce,Glenn Morshower,https://www.imdb.com/title/tt0285331/characters/nm0607703
wayne_palmer,db_woodside,Wayne Palmer,D.B. Woodside,https://www.imdb.com/title/tt0285331/characters/nm0940851
curtis_manning,roger_cross,Curtis Manning,Roger Cross,https://www.imdb.com/title/tt0285331/characters/nm0003078
sherry_palmer,penny_johnson_jerald,Sherry Palmer,Penny Johnson Jerald,https://www.imdb.com/title/tt0285331/characters/nm0425982
president_allison_taylor,cherry_jones,President Allison Taylor,Cherry Jones,https://www.imdb.com/title/tt0285331/characters/nm0427728
president_charles_logan,gregory_itzin,President Charles Logan,Gregory Itzin,https://www.imdb.com/title/tt0285331/characters/nm0411857
renee_walker,annie_wersching,Renee Walker,Annie Wersching,https://www.imdb.com/title/tt0285331/characters/nm1156709
edgar_stiles,louis_lombardi,Edgar Stiles,Louis Lombardi,https://www.imdb.com/title/tt0285331/characters/nm0518385
nina_myers,sarah_clarke,Nina Myers,Sarah Clarke,https://www.imdb.com/title/tt0285331/characters/nm1020124
ethan_kanin,bob_gunton,Ethan Kanin,Bob Gunton,https://www.imdb.com/title/tt0285331/characters/nm0348409
karen_hayes,jayne_atkinson,Karen Hayes,Jayne Atkinson,https://www.imdb.com/title/tt0285331/characters/nm0040739
morris_obrian,carlo_rota,Morris O'Brian,Carlo Rota,https://www.imdb.com/title/tt0285331/characters/nm0744690
milo_pressman,eric_balfour,Milo Pressman,Eric Balfour,https://www.imdb.com/title/tt0285331/characters/nm0050156
george_mason,xander_berkeley,George Mason,Xander Berkeley,https://www.imdb.com/title/tt0285331/characters/nm0075359
kate_warner,sarah_wynter,Kate Warner,Sarah Wynter,https://www.imdb.com/title/tt0285331/characters/nm0944077
martha_logan,jean_smart,Martha Logan,Jean Smart,https://www.imdb.com/title/tt0285331/characters/nm0005443
teri_bauer,leslie_hope,Teri Bauer,Leslie Hope,https://www.imdb.com/title/tt0285331/characters/nm0394012
tom_lennox,peter_macnicol,Tom Lennox,Peter MacNicol,https://www.imdb.com/title/tt0285331/characters/nm0001493
chase_edmunds,james_badge_dale,Chase Edmunds,James Badge Dale,https://www.imdb.com/title/tt0285331/characters/nm0197647
arlo_glass,john_boyd,Arlo Glass,John Boyd,https://www.imdb.com/title/tt0285331/characters/nm1668372
cole_ortiz,freddie_prinze_jr,Cole Ortiz,Freddie Prinze Jr.,https://www.imdb.com/title/tt0285331/characters/nm0005327
nadia_yassir,marisol_nichols,Nadia Yassir,Marisol Nichols,https://www.imdb.com/title/tt0285331/characters/nm0629653
tim_woods,frank_john_hughes,Tim Woods,Frank John Hughes,
ryan_chappelle,paul_schulze,Ryan Chappelle,Paul Schulze,https://www.imdb.com/title/tt0285331/characters/nm0776584
jackie,marci_michelle,Jackie,Marci Michelle,
adam_kaufman,zachary_quinto,Adam Kaufman,Zachary Quinto,https://www.imdb.com/title/tt0285331/characters/nm0704270
agent_berkin,greg_hartigan,Agent Berkin,Greg Hartigan,
janis_gold,janeane_garofalo,Janis Gold,Janeane Garofalo,https://www.imdb.com/title/tt0285331/characters/nm0000413
kayla_hassan,nazneen_contractor,Kayla Hassan,Nazneen Contractor,https://www.imdb.com/title/tt0285331/characters/nm1345890
ctu_staffer,dana_bunch,CTU Staffer,Dana Bunch,
dana_walsh,katee_sackhoff,Dana Walsh,Katee Sackhoff,https://www.imdb.com/title/tt0285331/characters/nm0755267
james_heller,william_devane,James Heller,William Devane,https://www.imdb.com/title/tt0285331/characters/nm0001137
dalia_hassan,necar_zadegan,Dalia Hassan,Necar Zadegan,https://www.imdb.com/title/tt0285331/characters/nm2464261
larry_moss,jeffrey_nordling,Larry Moss,Jeffrey Nordling,https://www.imdb.com/title/tt0285331/characters/nm0635139
rick_allen,daniel_bess,Rick Allen,Daniel Bess,https://www.imdb.com/title/tt0285331/characters/nm1101442
lynne_kresge,michelle_forbes,Lynne Kresge,Michelle Forbes,https://www.imdb.com/title/tt0285331/characters/nm0000405
president_john_keeler,geoff_pierson,President John Keeler,Geoff Pierson,https://www.imdb.com/title/tt0285331/characters/nm0682762
brian_hastings,mykelti_williamson,Brian Hastings,Mykelti Williamson,https://www.imdb.com/title/tt0285331/characters/nm0932112
habib_marwan,arnold_vosloo,Habib Marwan,Arnold Vosloo,https://www.imdb.com/title/tt0285331/characters/nm0903677
agent_daniel_reed,steve_lanza,Agent Daniel Reed,Steve Lanza,
president_omar_hassan,anil_kapoor,President Omar Hassan,Anil Kapoor,https://www.imdb.com/title/tt0285331/characters/nm0438463
andre_drazen,zeljko_ivanek,Andre Drazen,Zeljko Ivanek,https://www.imdb.com/title/tt0285331/characters/nm0411964
abu_fayed,adoni_maropis,Abu Fayed,Adoni Maropis,https://www.imdb.com/title/tt0285331/characters/nm0549538
president_yuri_suvarov,nick_jameson,President Yuri Suvarov,Nick Jameson,https://www.imdb.com/title/tt0285331/characters/nm0417068
vice_president_noah_daniels,powers_boothe,Vice President Noah Daniels,Powers Boothe,https://www.imdb.com/title/tt0285331/characters/nm0000959
gael_ortega,jesse_borrego,Gael Ortega,Jesse Borrego,https://www.imdb.com/title/tt0285331/characters/nm0001963
olivia_taylor,sprague_grayden,Olivia Taylor,Sprague Grayden,https://www.imdb.com/title/tt0285331/characters/nm0337042
marie_warner,laura_harris,Marie Warner,Laura Harris,https://www.imdb.com/title/tt0285331/characters/nm0364977
erin_driscoll,alberta_watson,Erin Driscoll,Alberta Watson,https://www.imdb.com/title/tt0285331/characters/nm0914491
keith_palmer,vicellous_shannon,Keith Palmer,Vicellous Shannon,https://www.imdb.com/title/tt0285331/characters/nm0788370
cheng_zhi,tzi_ma,Cheng Zhi,Tzi Ma,https://www.imdb.com/title/tt0285331/characters/nm0002245
henry_taylor,colm_feore,Henry Taylor,Colm Feore,https://www.imdb.com/title/tt0285331/characters/nm0272173
behrooz_araz,jonathan_ahdout,Behrooz Araz,Jonathan Ahdout,https://www.imdb.com/title/tt0285331/characters/nm1332975
ira_gaines,michael_massee,Ira Gaines,Michael Massee,
rob_weiss,chris_diamantopoulos,Rob Weiss,Chris Diamantopoulos,https://www.imdb.com/title/tt0285331/characters/nm0224565
sarah_gavin,lana_parrilla,Sarah Gavin,Lana Parrilla,
ramon_salazar,joaquim_de_almeida,Ramon Salazar,Joaquim de Almeida,https://www.imdb.com/title/tt0285331/characters/nm0021835
hector_salazar,vincent_laresca,Hector Salazar,Vincent Laresca,https://www.imdb.com/title/tt0285331/characters/nm0488095
bob_warner,john_terry,Bob Warner,John Terry,https://www.imdb.com/title/tt0285331/characters/nm0856012
marilyn_bauer,rena_sofer,Marilyn Bauer,Rena Sofer,https://www.imdb.com/title/tt0285331/characters/nm0812133
admiral_john_smith,ryan_cutrona,Admiral John Smith,Ryan Cutrona,
mike_doyle,ricky_schroder,Mike Doyle,Ricky Schroder,https://www.imdb.com/title/tt0285331/characters/nm0005401
dina_araz,shohreh_aghdashloo,Dina Araz,Shohreh Aghdashloo,https://www.imdb.com/title/tt0285331/characters/nm0013037
dr_sunny_macer,christina_chang,Dr. Sunny Macer,Christina Chang,https://www.imdb.com/title/tt0285331/characters/nm0151668
carrie_turner,lourdes_benedicto,Carrie Turner,Lourdes Benedicto,https://www.imdb.com/title/tt0285331/characters/nm0070830
jamey_farrell,karina_arroyave,Jamey Farrell,Karina Arroyave,
vladimir_bierko,julian_sands,Vladimir Bierko,Julian Sands,https://www.imdb.com/title/tt0285331/characters/nm0001696
walt_cummings,john_allen_nelson,Walt Cummings,John Allen Nelson,https://www.imdb.com/title/tt0285331/characters/nm0625482
tom_baker,daniel_dae_kim,Tom Baker,Daniel Dae Kim,https://www.imdb.com/title/tt0285331/characters/nm0196654
tarin_faroush,tj_ramini,Tarin Faroush,T.J. Ramini,https://www.imdb.com/title/tt0285331/characters/nm1421522
alan_york,richard_burgi,Alan York,Richard Burgi,https://www.imdb.com/title/tt0285331/characters/nm0121404
christopher_henderson,peter_weller,Christopher Henderson,Peter Weller,https://www.imdb.com/title/tt0285331/characters/nm0000693
claudia_hernandez,vanessa_ferlito,Claudia Hernandez,Vanessa Ferlito,https://www.imdb.com/title/tt0285331/characters/nm1089685
agent_ryan,alexis_cassar,Agent Ryan,Alexis Cassar,
reza_naiyeer,phillip_rhys,Reza Naiyeer,Phillip Rhys,https://www.imdb.com/title/tt0285331/characters/nm0722632
jonas_hodges,jon_voight,Jonas Hodges,Jon Voight,https://www.imdb.com/title/tt0285331/characters/nm0000685
agent_john,michael_jacey,Agent John,Michael Jacey,
stephen_saunders,paul_blackthorne,Stephen Saunders,Paul Blackthorne,https://www.imdb.com/title/tt0285331/characters/nm0085860
sean_hillinger,rhys_coiro,Sean Hillinger,Rhys Coiro,https://www.imdb.com/title/tt0285331/characters/nm1711052
lynn_mcgill,sean_astin,Lynn McGill,Sean Astin,https://www.imdb.com/title/tt0285331/characters/nm0000276
navi_araz,nestor_serrano,Navi Araz,Nestor Serrano,https://www.imdb.com/title/tt0285331/characters/nm0785594
samir_mehran,mido_hamada,Samir Mehran,Mido Hamada,https://www.imdb.com/title/tt0285331/characters/nm1715024
evelyn_martin,sandrine_holt,Evelyn Martin,Sandrine Holt,
lisa_miller,kari_matchett,Lisa Miller,Kari Matchett,
miles_papazian,stephen_spinella,Miles Papazian,Stephen Spinella,
josh_bauer,evan_ellingson,Josh Bauer,Evan Ellingson,https://www.imdb.com/title/tt0285331/characters/nm1019751
paul_raines,james_frain,Paul Raines,James Frain,https://www.imdb.com/title/tt0285331/characters/nm0289656
sandra_palmer,regina_king,Sandra Palmer,Regina King,https://www.imdb.com/title/tt0285331/characters/nm0005093
michael_amador,greg_ellis,Michael Amador,Greg Ellis,https://www.imdb.com/title/tt0285331/characters/nm0254862
kevin_wade,clayne_crawford,Kevin Wade,Clayne Crawford,https://www.imdb.com/title/tt0285331/characters/nm0186728
patty_brooks,tanya_wright,Patty Brooks,Tanya Wright,
lee_castle,cameron_bancroft,Lee Castle,Cameron Bancroft,
colonel_ike_dubaku,hakeem_kaekazim,Colonel Iké Dubaku,Hakeem Kae-Kazim,https://www.imdb.com/title/tt0285331/characters/nm0434444
jamot,navid_negahban,Jamot,Navid Negahban,https://www.imdb.com/title/tt0285331/characters/nm1041023
susan,sarah_hollis,Susan,Sarah Hollis,
graem_bauer,paul_mccrane,Graem Bauer,Paul McCrane,https://www.imdb.com/title/tt0285331/characters/nm0005204
dr_anne_packard,wendy_crewson,Dr. Anne Packard,Wendy Crewson,
megan_matheson,skye_mccole_bartusiak,Megan Matheson,Skye McCole Bartusiak,https://www.imdb.com/title/tt0285331/characters/nm0566084
phillip_bauer,james_cromwell,Phillip Bauer,James Cromwell,https://www.imdb.com/title/tt0285331/characters/nm0000342
jason_pillar,reed_diamond,Jason Pillar,Reed Diamond,https://www.imdb.com/title/tt0285331/characters/nm0224703
carl_webb,zach_grenier,Carl Webb,Zach Grenier,https://www.imdb.com/title/tt0285331/characters/nm0340260
reed_pollock,chad_lowe,Reed Pollock,Chad Lowe,
vice_president_jim_prescott,alan_dale,Vice President Jim Prescott,Alan Dale,https://www.imdb.com/title/tt0285331/characters/nm0197638
dmitri_gredenko,rade_serbedzija,Dmitri Gredenko,Rade Serbedzija,https://www.imdb.com/title/tt0285331/characters/nm0784884
farhad_hassan,akbar_kurtha,Farhad Hassan,Akbar Kurtha,https://www.imdb.com/title/tt0285331/characters/nm0475988
nabeel,hrach_titizian,Nabeel,Hrach Titizian,
robin_powers,tony_wayne,Robin Powers,Tony Wayne,
rasheed,henry_kingi_jr,Rasheed,Henry Kingi Jr.,
gary_matheson,billy_burke,Gary Matheson,Billy Burke,https://www.imdb.com/title/tt0285331/characters/nm0121605
greg_seaton,rory_cochrane,Greg Seaton,Rory Cochrane,https://www.imdb.com/title/tt0285331/characters/nm0168262
sergei_bazhaev,jurgen_prochnow,Sergei Bazhaev,Jürgen Prochnow,https://www.imdb.com/title/tt0285331/characters/nm0001638
mikhail_novakovich,graham_mctavish,Mikhail Novakovich,Graham McTavish,https://www.imdb.com/title/tt0285331/characters/nm0574615
marianne_taylor,aisha_tyler,Marianne Taylor,Aisha Tyler,https://www.imdb.com/title/tt0285331/characters/nm0878768
julia_milliken,gina_torres,Julia Milliken,Gina Torres,https://www.imdb.com/title/tt0285331/characters/nm0868659
miguel,innis_casey,Miguel,Innis Casey,https://www.imdb.com/title/tt0285331/characters/nm0409196
hamri_alassad,alexander_siddig,Hamri Al-Assad,Alexander Siddig,https://www.imdb.com/title/tt0285331/characters/nm0796502
dr_marc_besson,thomas_vincent_kelly,Dr. Marc Besson,Thomas Vincent Kelly,
senator_blaine_mayer,kurtwood_smith,Senator Blaine Mayer,Kurtwood Smith,https://www.imdb.com/title/tt0285331/characters/nm0001748
alexis_drazen,misha_collins,Alexis Drazen,Misha Collins,https://www.imdb.com/title/tt0285331/characters/nm0172557
reporter,mark_thompson,Reporter,Mark Thompson,
brian_gedge,warren_kole,Brian Gedge,Warren Kole,
mandy,mia_kirshner,Mandy,Mia Kirshner,https://www.imdb.com/title/tt0285331/characters/nm0000477
general_benjamin_juma,tony_todd,General Benjamin Juma,Tony Todd,https://www.imdb.com/title/tt0285331/characters/nm0865302
kevin,ryan_moore,Kevin,Ryan Moore,
ctu_agent_brian_pierson,brian_durkin,CTU Agent Brian Pierson,Brian Durkin,
alberta_green,tamara_tunie,Alberta Green,Tamara Tunie,
dan_mounts,matthew_carey,Dan Mounts,Matthew Carey,
richard_heller,logan_marshallgreen,Richard Heller,Logan Marshall-Green,
yusuf_auda,donnie_keshawarz,Yusuf Auda,Donnie Keshawarz,
diane_huxley,connie_britton,Diane Huxley,Connie Britton,https://www.imdb.com/title/tt0285331/characters/nm0110168
janet_york,jacqui_maxwell,Janet York,Jacqui Maxwell,
ule_matobo,isaach_de_bankole,Ule Matobo,Isaach De Bankolé,https://www.imdb.com/title/tt0285331/characters/nm0207218
kyle_singer,riley_smith,Kyle Singer,Riley Smith,https://www.imdb.com/title/tt0285331/characters/nm0809720
derek_huxley,brady_corbet,Derek Huxley,Brady Corbet,https://www.imdb.com/title/tt0285331/characters/nm1227232
james_nathanson,geraint_wyn_davies,James Nathanson,Geraint Wyn Davies,
vice_president_hal_gardner,ray_wise,Vice President Hal Gardner,Ray Wise,
agent_owen,julian_morris,Agent Owen,Julian Morris,
nicole_palmer,megalyn_echikunwoke,Nicole Palmer,Megalyn Echikunwoke,
cara_bowden,amy_pricefrancis,Cara Bowden,Amy Price-Francis,https://www.imdb.com/title/tt0285331/characters/nm0697201
spenser_wolff,jonah_lotan,Spenser Wolff,Jonah Lotan,https://www.imdb.com/title/tt0285331/characters/nm0521416
melanie,navi_rawat,Melanie,Navi Rawat,
meredith_reed,jennifer_westfeldt,Meredith Reed,Jennifer Westfeldt,https://www.imdb.com/title/tt0285331/characters/nm0922724
josef_bazhaev,david_anders,Josef Bazhaev,David Anders,
ivan_erwich,mark_sheppard,Ivan Erwich,Mark Sheppard,https://www.imdb.com/title/tt0285331/characters/nm0791968
dr_arthur_welton,jim_holmes,Dr. Arthur Welton,Jim Holmes,
gerry_whitehorn,jamie_mcshane,Gerry Whitehorn,Jamie McShane,
anya_suvarov,kathleen_gati,Anya Suvarov,Kathleen Gati,
angela_nelson,lesley_fera,Angela Nelson,Lesley Fera,
agent_dan,jamison_jones,Agent Dan,Jamison Jones,
melinda,jolene_kim,Melinda,Jolene Kim,
rick_garcia,rick_garcia,Rick Garcia,Rick Garcia,
walid_alrezani,harry_lennix,Walid Al-Rezani,Harry Lennix,https://www.imdb.com/title/tt0285331/characters/nm0502015
nick_coughlin,michael_filipowich,Nick Coughlin,Michael Filipowich,
jonathan_matijevich,rudolf_martin,Jonathan Matijevich,Rudolf Martin,
jane_saunders,alexandra_lydon,Jane Saunders,Alexandra Lydon,https://www.imdb.com/title/tt0285331/characters/nm1605097
eli_stram,silas_weir_mitchell,Eli Stram,Silas Weir Mitchell,
shari_rothenberg,kate_mara,Shari Rothenberg,Kate Mara,
erika,ever_carradine,Erika,Ever Carradine,https://www.imdb.com/title/tt0285331/characters/nm0139936
paula_schaeffer,sara_gilbert,Paula Schaeffer,Sara Gilbert,https://www.imdb.com/title/tt0285331/characters/nm0004960
dr_nicole_duncan,andrea_thompson,Dr. Nicole Duncan,Andrea Thompson,
joe_stevens,mark_derwin,Joe Stevens,Mark Derwin,
samantha_roth,carly_pope,Samantha Roth,Carly Pope,
syed_ali,francesco_quinn,Syed Ali,Francesco Quinn,https://www.imdb.com/title/tt0285331/characters/nm0005331
omar,tony_plana,Omar,Tony Plana,https://www.imdb.com/title/tt0285331/characters/nm0686470
brad_hammond,randle_mell,Brad Hammond,Randle Mell,
david_emerson,peter_wingfield,David Emerson,Peter Wingfield,
jenny_dodge,tamlyn_tomita,Jenny Dodge,Tamlyn Tomita,
eden_linley,julie_claire,Eden Linley,Julie Claire,
alan_wilson,will_patton,Alan Wilson,Will Patton,https://www.imdb.com/title/tt0285331/characters/nm0001599
linda,agnes_bruckner,Linda,Agnes Bruckner,
agent_mccallan,vic_chao,Agent McCallan,Vic Chao,
agent_richards,john_eddins,Agent Richards,John Eddins,
andrei,robert_maffia,Andrei,Robert Maffia,
oriol,josh_cruze,Oriol,Josh Cruze,
victor,dylan_kenin,Victor,Dylan Kenin,
nichols,mark_aiken,Nichols,Mark Aiken,
marcus_alvers,lothaire_bluteau,Marcus Alvers,Lothaire Bluteau,
victor_drazen,dennis_hopper,Victor Drazen,Dennis Hopper,https://www.imdb.com/title/tt0285331/characters/nm0000454
kalil_hasan,anil_kumar,Kalil Hasan,Anil Kumar,https://www.imdb.com/title/tt0285331/characters/nm0474779
maya_driscoll,angela_goethals,Maya Driscoll,Angela Goethals,https://www.imdb.com/title/tt0285331/characters/nm0324462
ali,ethan_rains,Ali,Ethan Rains,
omar,marc_casabani,Omar,Marc Casabani,https://www.imdb.com/title/tt0285331/characters/nm0142672
stan_shavers,richie_metcalfe,Stan Shavers,Richie Metcalfe,
fbi_agent_1,brett_deluca,FBI Agent #1,Brett DeLuca,
terrorist,michael_hilow,Terrorist,Michael Hilow,
peter_kingsley,tobin_bell,Peter Kingsley,Tobin Bell,
jim_ricker,michael_madsen,Jim Ricker,Michael Madsen,https://www.imdb.com/title/tt0285331/characters/nm0000514
eric_rayburn,timothy_carhart,Eric Rayburn,Timothy Carhart,
jibraan_alzarian,omid_abtahi,Jibraan Al-Zarian,Omid Abtahi,https://www.imdb.com/title/tt0285331/characters/nm1859475
jonathan_wallace,gregg_henry,Jonathan Wallace,Gregg Henry,
elizabeth_nash,kara_zediker,Elizabeth Nash,Kara Zediker,
dr_phil_parslow,vincent_angell,Dr. Phil Parslow,Vincent Angell,
scott_wallace,michael_angarano,Scott Wallace,Michael Angarano,
stokes,michael_rodrick,Stokes,Michael Rodrick,
davros,doug_hutchison,Davros,Doug Hutchison,https://www.imdb.com/title/tt0285331/characters/nm0006535
alan_milliken,albert_hall,Alan Milliken,Albert Hall,https://www.imdb.com/title/tt0285331/characters/nm0355278
craig_phillips,doug_savant,Craig Phillips,Doug Savant,https://www.imdb.com/title/tt0285331/characters/nm0767443
darren_mccarthy,david_hunt,Darren McCarthy,David Hunt,
martin_collier,leland_orser,Martin Collier,Leland Orser,
jillian_wallace,megan_gallagher,Jillian Wallace,Megan Gallagher,
ahmed_amar,kal_penn,Ahmed Amar,Kal Penn,https://www.imdb.com/title/tt0285331/characters/nm0671980
stephen,paul_wesley,Stephen,Paul Wesley,
mitch_anderson,ned_vaughn,Mitch Anderson,Ned Vaughn,
valerie_harris,jenny_cooper,Valerie Harris,Jenny Cooper,
pavel_tokarev,joel_bissonnette,Pavel Tokarev,Joel Bissonnette,https://www.imdb.com/title/tt0285331/characters/nm0084385
marika_donoso,enuka_okuma,Marika Donoso,Enuka Okuma,https://www.imdb.com/title/tt0285331/characters/nm0645781
howard_bern,robert_cicchini,Howard Bern,Robert Cicchini,
agent_hollister,matt_mckenzie,Agent Hollister,Matt McKenzie,
raymond_brown,michael_mcgrady,Raymond Brown,Michael McGrady,
tom_chapman,philip_anthonyrodriguez,Tom Chapman,Philip Anthony-Rodriguez,
robert_galvez,gabriel_casseus,Robert Galvez,Gabriel Casseus,
ryan_burnett,eyal_podell,Ryan Burnett,Eyal Podell,
mamud_rasheed_faheen,anthony_azizi,Mamud Rasheed Faheen,Anthony Azizi,https://www.imdb.com/title/tt0285331/characters/nm0044318
ray_wallace,raphael_sbarge,Ray Wallace,Raphael Sbarge,
hal_turner,james_c_victor,Hal Turner,James C. Victor,
alama_matobo,tonya_pinkins,Alama Matobo,Tonya Pinkins,https://www.imdb.com/title/tt0285331/characters/nm0684371
joseph_olaughlin,michael_cavanaugh,Joseph O'Laughlin,Michael Cavanaugh,
ambassador,ajay_mehta,Ambassador,Ajay Mehta,
helen_singer,lucinda_jenney,Helen Singer,Lucinda Jenney,
ostroff,aleksandr_kuznetsov,Ostroff,Aleksandr Kuznetsov,
rita_brady,missy_crider,Rita Brady,Missy Crider,
agent_samuels,scott_william_winters,Agent Samuels,Scott William Winters,
maureen_kingsley,devika_parikh,Maureen Kingsley,Devika Parikh,
agent_king,matthew_yang_king,Agent King,Matthew Yang King,
debbie_pendleton,leighton_meester,Debbie Pendleton,Leighton Meester,
chengs_operative,kenneth_choi,Cheng's Operative,Kenneth Choi,
osterlind,joe_dangerio,Osterlind,Joe D'Angerio,https://www.imdb.com/title/tt0285331/characters/nm0195311
edward_vossler,mark_kiely,Edward Vossler,Mark Kiely,
oleg_bazhaev,gene_farber,Oleg Bazhaev,Gene Farber,
wendy_brown,anita_finlay,Wendy Brown,Anita Finlay,
ron_wieland,michael_holden,Ron Wieland,Michael Holden,https://www.imdb.com/title/tt0285331/characters/nm0390241
salim,nasser_faris,Salim,Nasser Faris,
brown,kevin_sizemore,Brown,Kevin Sizemore,
samir_hussain,steven_schub,Samir Hussain,Steven Schub,
eric_richards,butch_klein,Eric Richards,Butch Klein,
sergio,julian_rodriguez,Sergio,Julian Rodriguez,
jane,alicia_bien,Jane,Alicia Bien,
ctu_security_guard,ariel_mirabalramos,CTU Security Guard,Ariel Mirabal-Ramos,
ctu_agent_jim,sterling_sulieman,CTU Agent Jim,Sterling Sulieman,
jovan_myovic,henri_lubatti,Jovan Myovic,Henri Lubatti,
carla_matheson,tracy_middendorf,Carla Matheson,Tracy Middendorf,
justin_adams,tracy_howe,Justin Adams,Tracy Howe,
jenny_mcgill,penny_balfour,Jenny McGill,Penny Balfour,
serge,endre_hules,Serge,Endre Hules,
tim_moran,matt_mctighe,Tim Moran,Matt McTighe,
dwayne_thompkins,matthew_boylan,Dwayne Thompkins,Matthew Boylan,
agent_lynch,dr_lewis,Agent Lynch,D.R. Lewis,
kevin,kevin_fry,Kevin,Kevin Fry,
neill_choi,al_leong,Neill Choi,Al Leong,
andrew_paige,lukas_haas,Andrew Paige,Lukas Haas,
bill_prady,stephen_root,Bill Prady,Stephen Root,https://www.imdb.com/title/tt0285331/characters/nm0740535
bruce_carson,michael_reilly_burke,Bruce Carson,Michael Reilly Burke,
hamid_alzarian,rafi_gavron,Hamid Al-Zarian,Rafi Gavron,
michael_latham,john_billingsley,Michael Latham,John Billingsley,
ken_dellao,tim_guinee,Ken Dellao,Tim Guinee,
tomas_sherek,faran_tahir,Tomas Sherek,Faran Tahir,
marcus,nick_offerman,Marcus,Nick Offerman,
steve_goodrich,max_martini,Steve Goodrich,Max Martini,
lonnie_mcrae,kevin_dillon,Lonnie McRae,Kevin Dillon,https://www.imdb.com/title/tt0285331/characters/nm0001143
muhtadi_gohar,ravi_kapoor,Muhtadi Gohar,Ravi Kapoor,https://www.imdb.com/title/tt0285331/characters/nm0438500
rachel_forrester,maria_del_mar,Rachel Forrester,Maria del Mar,
warden_kevin_mitchell,kevin_chapman,Warden Kevin Mitchell,Kevin Chapman,
harris,christian_svensson,Harris,Christian Svensson,
mark_bishop,michael_shanks,Mark Bishop,Michael Shanks,
krugman,darin_heames,Krugman,Darin Heames,
agent_mizelli,reynaldo_gallegos,Agent Mizelli,Reynaldo Gallegos,
collette_stenger,stana_katic,Collette Stenger,Stana Katic,
nest_tech_1,dylan_haggerty,N.E.S.T. Tech #1,Dylan Haggerty,
yosik_khatami,nicholas_guilak,Yosik Khatami,Nicholas Guilak,
agent_lowry,william_bumiller,Agent Lowry,William Bumiller,
rosa_donoso,andi_chapman,Rosa Donoso,Andi Chapman,
lugo_elson,tony_curran,Lugo Elson,Tony Curran,
luis_annicon,carlos_gomez,Luis Annicon,Carlos Gómez,
anton_beresch,david_dayan_fisher,Anton Beresch,David Dayan Fisher,
devon_rosenthal,james_hiroyuki_liao,Devon Rosenthal,James Hiroyuki Liao,
udo,lovensky_jeanbaptiste,Udo,Lovensky Jean-Baptiste,
marcos_alzacar,rami_malek,Marcos Al-Zacar,Rami Malek,https://www.imdb.com/title/tt0285331/characters/nm1785339
ahman,rizwan_manji,Ahman,Rizwan Manji,
rick_phillips,michael_cudlitz,Rick Phillips,Michael Cudlitz,
robert_franklin,j_patrick_mccormack,Robert Franklin,J. Patrick McCormack,
henry_powell,robertson_dean,Henry Powell,Robertson Dean,https://www.imdb.com/title/tt0285331/characters/nm0212932
su_ming,ping_wu,Su Ming,Ping Wu,
agent_hoskins,larry_sullivan,Agent Hoskins,Larry Sullivan,https://www.imdb.com/title/tt0285331/characters/nm0837942
al,jon_e_epstein,Al,Jon E. Epstein,
agent_beck,justin_alston,Agent Beck,Justin Alston,
eddie_grant,douglas_okeeffe,Eddie Grant,Douglas O'Keeffe,https://www.imdb.com/title/tt0285331/characters/nm0641505
rick_burke,martin_papazian,Rick Burke,Martin Papazian,
mikhail,yorgo_constantine,Mikhail,Yorgo Constantine,
ngozi,keston_john,Ngozi,Keston John,
dr_linzer,andy_umberger,Dr. Linzer,Andy Umberger,
kevin,kevin_alejandro,Kevin,Kevin Alejandro,
litvak,steve_cell,Litvak,Steve Cell,
emt_waltrip,karim_prince,EMT Waltrip,Karim Prince,
jim_koernig,joe_nieves,Jim Koernig,Joe Nieves,
chris,jimmi_simpson,Chris,Jimmi Simpson,
dimitri,jordan_marder,Dimitri,Jordan Marder,
deborah,heather_salmon,Deborah,Heather Salmon,
tomas,miguel_najera,Tomas,Miguel Nájera,
agent_steve,matt_huhn,Agent Steve,Matt Huhn,
ralph_burton,jim_abele,Ralph Burton,Jim Abele,
elaine,jenn_mccullough,Elaine,Jenn McCullough,
david_gomez,david_labiosa,David Gomez,David Labiosa,
ellen_price,andrea_grano,Ellen Price,Andrea Grano,
harbinson,brian_kimmet,Harbinson,Brian Kimmet,
mae,chuti_tiu,Mae,Chuti Tiu,
agent_manners,lamont_thompson,Agent Manners,Lamont Thompson,
richard_armus,terry_bozeman,Richard Armus,Terry Bozeman,
vladimir_laitanan,callum_keith_rennie,Vladimir Laitanan,Callum Keith Rennie,https://www.imdb.com/title/tt0285331/characters/nm0719678
komar,roman_varshavsky,Komar,Roman Varshavsky,
alan_tanner,dameon_clarke,Alan Tanner,Dameon Clarke,
jeff_breeher,sam_ayers,Jeff Breeher,Sam Ayers,
reporter,pamela_stollings,Reporter,Pamela Stollings,
heather_nauert,heather_nauert,Heather Nauert,Heather Nauert,
frank_allard,edoardo_ballerini,Frank Allard,Edoardo Ballerini,
cole,maurice_compte,Cole,Maurice Compte,
ted_packard,conor_ofarrell,Ted Packard,Conor O'Farrell,
bierkos_technician,ravil_isyanov,Bierko's Technician,Ravil Isyanov,
abdul_mahnesh,mo_gallini,Abdul Mahnesh,Mo Gallini,
ted_simmons,steven_culp,Ted Simmons,Steven Culp,
brennan,christopher_amitrano,Brennan,Christopher Amitrano,
ctu_helicopter_pilot,michael_lugar,CTU Helicopter Pilot,Michael Lugar,
anatoly_markov,john_noble,Anatoly Markov,John Noble,https://www.imdb.com/title/tt0285331/characters/nm0633604
paul_koplin,al_sapienza,Paul Koplin,Al Sapienza,
division_agent,bruce_nozick,Division Agent,Bruce Nozick,
heydar,haaz_sleiman,Heydar,Haaz Sleiman,
agent_smith,michael_roddy,Agent Smith,Michael Roddy,
secretary_of_state_alex,john_rubinstein,Secretary of State Alex,John Rubinstein,
secretary_of_agriculture,robert_pine,Secretary of Agriculture,Robert Pine,
secretary_of_treasury,austin_tichenor,Secretary of Treasury,Austin Tichenor,
ari,doc_duhame,Ari,Doc Duhame,
basheer,fred_toma,Basheer,Fred Toma,
jesper_isberg,gregory_j_barnett,Jesper Isberg,Gregory J. Barnett,
andre,mathew_lorenceau,Andre,Mathew Lorenceau,
nicole,dagmara_dominczyk,Nicole,Dagmara Dominczyk,
ronnie_lobell,shawn_doyle,Ronnie Lobell,Shawn Doyle,
richard_walsh,michael_oneill,Richard Walsh,Michael O'Neill,
mark_bledsoe,db_sweeney,Mark Bledsoe,D.B. Sweeney,
max,thomas_kretschmann,Max,Thomas Kretschmann,https://www.imdb.com/title/tt0285331/characters/nm0470981
un_secretary_general,eriq_la_salle,UN Secretary General,Eriq La Salle,https://www.imdb.com/title/tt0285331/characters/nm0005113
deputy_raynes,sterling_macer_jr,Deputy Raynes,Sterling Macer Jr.,
doug_knowles,chris_mulkey,Doug Knowles,Chris Mulkey,
robert_morrison,keith_szarabajka,Robert Morrison,Keith Szarabajka,
theo_stoller,henry_ian_cusick,Theo Stoller,Henry Ian Cusick,
greg_penticoff,john_hawkes,Greg Penticoff,John Hawkes,
dave_conlon,tomas_arana,Dave Conlon,Tomas Arana,
admiral_kirkland,tom_wright,Admiral Kirkland,Tom Wright,
john_quinn,sebastian_roche,John Quinn,Sebastian Roché,https://www.imdb.com/title/tt0285331/characters/nm0003067
general_david_brucker,michael_gaston,General David Brucker,Michael Gaston,https://www.imdb.com/title/tt0285331/characters/nm0309461
ronnie_stark,peter_outerbridge,Ronnie Stark,Peter Outerbridge,
barry_landes,c_thomas_howell,Barry Landes,C. Thomas Howell,
agent_reynolds,terrell_tilford,Agent Reynolds,Terrell Tilford,
ted_cofell,currie_graham,Ted Cofell,Currie Graham,
alex_hewitt,rick_d_wasserman,Alex Hewitt,Rick D. Wasserman,
william_cole,patrick_fabian,William Cole,Patrick Fabian,
melissa_rabb,gwendoline_yeo,Melissa Rabb,Gwendoline Yeo,
vice_president_mitchell_hayworth,cameron_daddo,Vice President Mitchell Hayworth,Cameron Daddo,
alan_hayes,jesse_d_goins,Alan Hayes,Jesse D. Goins,
ramon_garcia,lombardo_boyar,Ramon Garcia,Lombardo Boyar,
danny_dessler,louis_ferreira,Danny Dessler,Louis Ferreira,
scott_evans,andrew_hawkes,Scott Evans,Andrew Hawkes,
zhou_yong,ian_anthony_dale,Zhou Yong,Ian Anthony Dale,
kozelek_hacker,maury_sterling,Kozelek Hacker,Maury Sterling,
elaine_alzacar,mare_winningham,Elaine Al-Zacar,Mare Winningham,
general_bowden,dean_norris,General Bowden,Dean Norris,https://www.imdb.com/title/tt0285331/characters/nm0606487
imam_alfulani,bernard_white,Imam Al-Fulani,Bernard White,https://www.imdb.com/title/tt0285331/characters/nm0924502
agent_davis,david_fabrizio,Agent Davis,David Fabrizio,
bruce_foxton,mark_rolston,Bruce Foxton,Mark Rolston,
forbes,richard_marcus,Forbes,Richard Marcus,
sue,stephanie_erb,Sue,Stephanie Erb,
masters,nick_chinlund,Masters,Nick Chinlund,
sergeant_cadden,diego_klattenhoff,Sergeant Cadden,Diego Klattenhoff,
derek_watts,johnathan_mcclain,Derek Watts,Johnathan McClain,
bob_peluso,don_mcmanus,Bob Peluso,Don McManus,
nate_burke,jamie_martz,Nate Burke,Jamie Martz,
bridget,kim_murphy,Bridget,Kim Murphy,
frank_simes,michael_bryan_french,Frank Simes,Michael Bryan French,
teddy_hanlin,kirk_baltz,Teddy Hanlin,Kirk Baltz,https://www.imdb.com/title/tt0285331/characters/nm0051257
tanya,pauley_perrette,Tanya,Pauley Perrette,
ted_paulson,kevin_ramsey,Ted Paulson,Kevin Ramsey,
susan_cole,jenni_blong,Susan Cole,Jenni Blong,
dalton_furrelle,david_herman,Dalton Furrelle,David Herman,
john_reiss,albie_selznick,John Reiss,Albie Selznick,
peter_hock,jonathan_adams,Peter Hock,Jonathan Adams,
brian_jacobs,scott_paulin,Brian Jacobs,Scott Paulin,
agent_solarz,diego_serrano,Agent Solarz,Diego Serrano,
agent_davis,eric_steinberg,Agent Davis,Eric Steinberg,
sarah,mary_page_keller,Sarah,Mary Page Keller,
sgt_arroyo,sal_landi,Sgt. Arroyo,Sal Landi,
paramedic,scotch_ellis_loring,Paramedic,Scotch Ellis Loring,https://www.imdb.com/title/tt0285331/characters/nm0521025
rouse,raymond_cruz,Rouse,Raymond Cruz,
randy_murdoch,val_lauren,Randy Murdoch,Val Lauren,
jen_slater,roxanne_day,Jen Slater,Roxanne Day,
gary_klausner,thomas_ryan,Gary Klausner,Thomas Ryan,
mark_desalvo,lou_diamond_phillips,Mark DeSalvo,Lou Diamond Phillips,
deputy_sheriff,paco_farias,Deputy Sheriff,Paco Farias,
sam_singer,ted_marcoux,Sam Singer,Ted Marcoux,
lapd_officer_1,kevin_mccorkle,LAPD Officer #1,Kevin McCorkle,
navid,assaf_cohen,Navid,Assaf Cohen,
carrie_bendis,danielle_burgio,Carrie Bendis,Danielle Burgio,
doug_masters,jason_grutter,Doug Masters,Jason Grutter,
zhous_team_member_1,ron_yuan,Zhou's Team Member #1,Ron Yuan,
surgeon,gabrielle_made,Surgeon,Gabrielle Made,
dr_spire,peter_gregory,Dr. Spire,Peter Gregory,
rae_plachecki,jenette_goldstein,Rae Plachecki,Jenette Goldstein,
captain_reiss,rick_ravanello,Captain Reiss,Rick Ravanello,
frederick,shawn_woods,Frederick,Shawn Woods,
hikmat_palpatine,kiran_rao,Hikmat Palpatine,Kiran Rao,
amy_martin,skylar_roberge,Amy Martin,Skylar Roberge,
laurent_dubaku,arjay_smith,Laurent Dubaku,Arjay Smith,
adrion_bishop,michael_irby,Adrion Bishop,Michael Irby,
amanda,nina_landey,Amanda,Nina Landey,
porter,scott_allan_campbell,Porter,Scott Allan Campbell,
bryce,alex_daniels,Bryce,Alex Daniels,
raymond_ohara,brian_goodman,Raymond O'Hara,Brian Goodman,
mark_kanar,matt_salinger,Mark Kanar,Matt Salinger,
pablo,gonzalo_menendez,Pablo,Gonzalo Menendez,
ben_landry,scott_lawrence,Ben Landry,Scott Lawrence,
donnie_fox,maximiliano_hernandez,Donnie Fox,Maximiliano Hernández,
sid_paulson,william_oleary,Sid Paulson,William O'Leary,
alan_morgan,david_franco,Alan Morgan,David Franco,
dj_graves,neal_matarazzo,D.J. Graves,Neal Matarazzo,
brandon,brandon_barash,Brandon,Brandon Barash,
field_reporter,bob_decastro,Field Reporter,Bob DeCastro,
agent_peter,john_griffin,Agent Peter,John Griffin,
christina_hillinger,marina_black,Christina Hillinger,Marina Black,
maggie_koernig,sandra_purpuro,Maggie Koernig,Sandra Purpuro,https://www.imdb.com/title/tt0285331/characters/nm0700944
ziya_dakhilov,jon_sklaroff,Ziya Dakhilov,Jon Sklaroff,
dr_mark_kaylis,michael_bofshever,Dr. Mark Kaylis,Michael Bofshever,
stan,eric_bruskotter,Stan,Eric Bruskotter,
abo,burl_moseley,Abo,Burl Moseley,
anchorwoman,suzan_brittan,Anchorwoman,Suzan Brittan,
horter,cliff_weissman,Horter,Cliff Weissman,
agent_barnes,pete_antico,Agent Barnes,Pete Antico,
nest_tech_2,gary_dewitt_marshall,N.E.S.T. Tech #2,Gary DeWitt Marshall,
reporter,michelle_c_bonilla,Reporter,Michelle C. Bonilla,
eduardo,gino_montesinos,Eduardo,Gino Montesinos,
cabinet_secretary_2,joseph_hacker,Cabinet Secretary #2,Joseph Hacker,
schaeffer,timothy_v_murphy,Schaeffer,Timothy V. Murphy,
ctu_interrogation_specialist,chris_butler,CTU Interrogation Specialist,Chris Butler,
louis_dalton,harry_van_gorkum,Louis Dalton,Harry Van Gorkum,
ellen_kramer,kathryn_winslow,Ellen Kramer,Kathryn Winslow,
ed_miller,bryan_rasmussen,Ed Miller,Bryan Rasmussen,https://www.imdb.com/title/tt0285331/characters/nm0711299
agent_drake,angelo_pagan,Agent Drake,Angelo Pagán,
general_stone,richard_holden,General Stone,Richard Holden,
lucia_garcia,nicole_gomez_fisher,Lucia Garcia,Nicole Gomez Fisher,
trask,mark_ivanir,Trask,Mark Ivanir,
davis,jeff_wincott,Davis,Jeff Wincott,https://www.imdb.com/title/tt0285331/characters/nm0934637
carol,forbes_riley,Carol,Forbes Riley,
helicopter_pilot,vincent_duvall,Helicopter Pilot,Vincent Duvall,
agent_jennings,matt_battaglia,Agent Jennings,Matt Battaglia,
dr_joel_levine,eli_goodman,Dr. Joel Levine,Eli Goodman,
doctor,freda_foh_shen,Doctor,Freda Foh Shen,
alexander_trepkos,eugene_robert_glazer,Alexander Trepkos,Eugene Robert Glazer,
phil,david_chisum,Phil,David Chisum,
gunman_1,vj_foster,Gunman #1,V.J. Foster,
emt_gonzalez,emerson_brooks,EMT Gonzalez,Emerson Brooks,
agent_remick,peter_onorati,Agent Remick,Peter Onorati,
lesley_lerma,peter_james_smith,Lesley Lerma,Peter James Smith,
blonde_woman,nazanin_boniadi,Blonde Woman,Nazanin Boniadi,
tim,kett_turton,Tim,Kett Turton,
cale,matt_bushell,Cale,Matt Bushell,
tech_agent,brian_catalano,Tech Agent,Brian Catalano,
ctu_agent,kelly_gullett,CTU Agent,Kelly Gullett,
mary,nadine_ellis,Mary,Nadine Ellis,
bierkos_separatist,clayton_j_barber,Bierko's Separatist,Clayton J. Barber,
halil,said_faraj,Halil,Said Faraj,
vasili,boris_lee_krutonog,Vasili,Boris Lee Krutonog,
liddy,adrian_neil,Liddy,Adrian Neil,
major_zeze_etoo,adetokumboh_mcormack,Major Zeze Eto'o,Adetokumboh M'Cormack,
un_protocol_director,tava_smiley,UN Protocol Director,Tava Smiley,
phil_lu,johnny_m_wu,Phil Lu,Johnny M. Wu,
agent_cole,michael_yavnielli,Agent Cole,Michael Yavnielli,
oc_operator,addie_daddio,O.C. Operator,Addie Daddio,
lee_jong,peter_chen,Lee Jong,Peter Chen,
ahmet,nicholas_kadi,Ahmet,Nicholas Kadi,
nurse,liz_loza,Nurse,Liz Loza,
ctu_worker,naomi_morales,CTU Worker,Naomi Morales,
businessman,carmen_mormino,Businessman,Carmen Mormino,
heather,mandy_june_turpin,Heather,Mandy June Turpin,
news_anchor,john_beard,News Anchor,John Beard,
reporter,maria_quiban,Reporter,Maria Quiban,
ctu_doctor,reggie_jordan,CTU Doctor,Reggie Jordan,
catherine,jennifer_carta,Catherine,Jennifer Carta,
ny_news_anchor,dick_brennan,NY News Anchor,Dick Brennan,
teri,claire_geare,Teri,Claire Geare,
mta_officer_marx,beau_dremann,MTA Officer Marx,Beau Dremann,
army_national_guardsman,jim_klock,Army National Guardsman,Jim Klock,
national_guardsman,david_michael,National Guardsman,David Michael,
dcpd_officer_1,matt_nolan,DCPD Officer #1,Matt Nolan,
emt_2,zachary_stockdale,EMT #2,Zachary Stockdale,
pedro,wilmer_calderon,Pedro,Wilmer Calderon,
emilio,eduardo_antonio_garcia,Emilio,Eduardo Antonio Garcia,
phillips_assistant,roger_ranney,Phillips' Assistant,Roger Ranney,
chevensky,taras_los,Chevensky,Taras Los,
hasan_numair,shaun_majumder,Hasan Numair,Shaun Majumder,https://www.imdb.com/title/tt0285331/characters/nm0538308
technician_1,dajuan_johnson,Technician #1,DaJuan Johnson,
phil,chris_williams,Phil,Chris Williams,
stripper_1,isabella_grace,Stripper #1,Isabella Grace,
agent_kilner,jorgeluis_pallo,Agent Kilner,Jorge-Luis Pallo,
horse_trainer,jorge_noa,Horse Trainer,Jorge Noa,
prion_variant_operative,randy_flagler,Prion Variant Operative,Randy Flagler,
dubakus_driver,jeronimo_spinx,Dubaku's Driver,Jeronimo Spinx,
luka,thomas_fiscella,Luka,Thomas Fiscella,
tyler,vince_corazza,Tyler,Vince Corazza,
airline_representative,glenda_redfield,Airline Representative,Glenda Redfield,
bazhaevs_bodyguard,conrad_allan,Bazhaev's Bodyguard,Conrad Allan,
ctu_agent_1,jr_ramirez,CTU Agent #1,J.R. Ramirez,
ctu_swat_medic_1,eltony_williams,CTU Swat Medic #1,Eltony Williams,
agent_lennert,wiley_m_pickett,Agent Lennert,Wiley M. Pickett,
alex,angelo_vacco,Alex,Angelo Vacco,
news_anchor,steve_edwards,News Anchor,Steve Edwards,
escort_guard,bruce_gerard_brown_jr,Escort Guard,Bruce Gerard Brown Jr.,
cimbe,roshawn_franklin,Cimbe,Roshawn Franklin,
jenna,lauren_storm,Jenna,Lauren Storm,https://www.imdb.com/title/tt0285331/characters/nm1478996
masheer_abumarzuq,sammy_sheik,Masheer Abu-Marzuq,Sammy Sheik,
jumas_commando,marvin_jordan,Juma's Commando,Marvin Jordan,
gus,david_grant_wright,Gus,David Grant Wright,
pilot,lou_glenn,Pilot,Lou Glenn,
copilot,jonathan_craig_williams,Co-Pilot,Jonathan Craig Williams,
james,benjamin_burdick,James,Benjamin Burdick,
lydia,brittainy_parrett,Lydia,Brittainy Parrett,
todd,chris_flanders,Todd,Chris Flanders,
8_year_old_boy,zachary_gordon,8 Year Old Boy,Zachary Gordon,
robert_ellis,wade_williams,Robert Ellis,Wade Williams,
frank_davies,brent_sexton,Frank Davies,Brent Sexton,
joe_prado,john_thaddeus,Joe Prado,John Thaddeus,
polakov,timothy_omundson,Polakov,Timothy Omundson,
mohsen,aki_avni,Mohsen,Aki Avni,
brett,jason_padgett,Brett,Jason Padgett,
joseph_fayed,adam_aleximalle,Joseph Fayed,Adam Alexi-Malle,
store_customer,tina_holmes,Store Customer,Tina Holmes,
victor_aruz,benito_martinez,Victor Aruz,Benito Martinez,
nabilla_aljamil,lina_patel,Nabilla Al-Jamil,Lina Patel,
sabir_ardakani,kris_iyer,Sabir Ardakani,Kris Iyer,
barbara_maccabee,donzaleigh_abernathy,Barbara Maccabee,Donzaleigh Abernathy,
doug,brent_briscoe,Doug,Brent Briscoe,
ron,carl_gilliard,Ron,Carl Gilliard,
danny,scott_klace,Danny,Scott Klace,
army_corporal,john_brantley_cole,Army Corporal,John Brantley Cole,
marko_khatami,maz_jobrani,Marko Khatami,Maz Jobrani,
benson,tl_savage,Benson,TL Savage,
eileen,jacque_parson,Eileen,Jacque Parson,
agent_nichols,alfred_f_woodley,Agent Nichols,Alfred F. Woodley,
beatriz,alejandra_flores,Beatriz,Alejandra Flores,
prescott_obrian,cap_gordon,Prescott O'Brian,Cap Gordon,
hugo,alex_castillo,Hugo,Alex Castillo,
marko,mark_kubr,Marko,Mark Kubr,
barry,jed_bernard,Barry,Jed Bernard,
mikhail,roman_mitichyan,Mikhail,Roman Mitichyan,
hong_wai,john_koyama,Hong Wai,John Koyama,
wu_san,garret_sato,Wu San,Garret Sato,
chengs_mercenary,clay_cullen,Cheng's mercenary,Clay Cullen,
chinese_sentry,tsuyoshi_abe,Chinese Sentry,Tsuyoshi Abe,
don_ashton,denis_arndt,Don Ashton,Denis Arndt,
mila_luminovic,juliette_marquis,Mila Luminovic,Juliette Marquis,
dr_george_ferragamo,john_prosky,Dr. George Ferragamo,John Prosky,
george_avila,kirk_acevedo,George Avila,Kirk Acevedo,
dana,christina_moore,Dana,Christina Moore,
gene_mclennen,bill_smitrovich,Gene McLennen,Bill Smitrovich,
jason_girard,tj_thyne,Jason Girard,T.J. Thyne,
stan_cotter,richard_gilliland,Stan Cotter,Richard Gilliland,
attorney_general,dan_ziskie,Attorney General,Dan Ziskie,
stuart_pressman,chris_kramer,Stuart Pressman,Chris Kramer,
nikola_luminovic,evgeniy_lazarev,Nikola Luminovic,Evgeniy Lazarev,
naseem,michael_benyaer,Naseem,Michael Benyaer,
david_weiss,evan_handler,David Weiss,Evan Handler,
marshal_holtzman,john_lacy,Marshal Holtzman,John Lacy,
hans_meyer,kirk_br_woller,Hans Meyer,Kirk B.R. Woller,
gabriel_schector,tommy_flanagan,Gabriel Schector,Tommy Flanagan,
carl_gadsen,connor_trinneer,Carl Gadsen,Connor Trinneer,
jessie_hampton,yolonda_ross,Jessie Hampton,Yolonda Ross,
jessica_abrams,jackie_debatin,Jessica Abrams,Jackie Debatin,
agent_ron,paul_webster,Agent Ron,Paul Webster,
lauren_proctor,kathleen_wilhoite,Lauren Proctor,Kathleen Wilhoite,
theresa_ortega,kamala_lopez,Theresa Ortega,Kamala Lopez,
ali,dariush_kashani,Ali,Dariush Kashani,
lucy_stiles,nancy_linehan_charles,Lucy Stiles,Nancy Linehan Charles,
kelly_girard,claudette_mink,Kelly Girard,Claudette Mink,
naji,dominic_rains,Naji,Dominic Rains,
sam,brett_rickaby,Sam,Brett Rickaby,https://www.imdb.com/title/tt0285331/characters/nm0725434
connell_johnson,jr_bourne,Connell Johnson,JR Bourne,
patricia_eames,kathryn_gordon,Patricia Eames,Kathryn Gordon,
agent_winnick,brad_fleischer,Agent Winnick,Brad Fleischer,
philips,david_barrera,Philips,David Barrera,
susan_collier,kim_miyori,Susan Collier,Kim Miyori,
serbian_doctor,josip_kuchan,Serbian Doctor,Josip Kuchan,
kevin_kelly,jack_kehler,Kevin Kelly,Jack Kehler,
dale_spalding,patrick_kilpatrick,Dale Spalding,Patrick Kilpatrick,
derek_rosner,todd_kimsey,Derek Rosner,Todd Kimsey,
scott_borman,david_newsom,Scott Borman,David Newsom,
steve_simmons,mesan_richardson,Steve Simmons,Mesan Richardson,
john_carruth,sean_mcgowan,John Carruth,Sean McGowan,
ross,blake_robbins,Ross,Blake Robbins,
joseph_malina,jose_zuniga,Joseph Malina,José Zúñiga,
sergeant_amis,david_gianopoulos,Sergeant Amis,David Gianopoulos,
sergei_bazhaevs_attorney,joseph_kamal,Sergei Bazhaev's Attorney,Joseph Kamal,
erica_vasquez,christine_avila,Erica Vasquez,Christine Avila,
reporter,yvette_fernandez,Reporter,Yvette Fernandez,
john_mason,eric_christian_olsen,John Mason,Eric Christian Olsen,
dr_rose_kent,judith_scott,Dr. Rose Kent,Judith Scott,
sgt_amis,victor_rivers,Sgt. Amis,Victor Rivers,
kathy_mccartney,brigid_brannagh,Kathy McCartney,Brigid Brannagh,
arthur_rabens,salvator_xuereb,Arthur Rabens,Salvator Xuereb,
consul_koo_yin,francois_chau,Consul Koo Yin,François Chau,
spectre,christopher_b_duncan,Spectre,Christopher B. Duncan,
greg_merfield,tim_kelleher,Greg Merfield,Tim Kelleher,
farah,zilah_mendoza,Farah,Zilah Mendoza,
tariq,rene_millan,Tariq,Rene Millan,
shari,darby_stanchfield,Shari,Darby Stanchfield,
chinese_agent,charles_rahi_chun,Chinese Agent,Charles Rahi Chun,
suzanne_cummings,alla_korot,Suzanne Cummings,Alla Korot,
carl_mossman,john_posey,Carl Mossman,John Posey,
inessa_kovalevsky,angela_sarafyan,Inessa Kovalevsky,Angela Sarafyan,
tim_rooney,jeremy_ray_valdez,Tim Rooney,Jeremy Ray Valdez,
miriam_henderson,jobeth_williams,Miriam Henderson,JoBeth Williams,
general_mohmar_habib,ismael_kanater,General Mohmar Habib,Ismael Kanater,
doctor_bradley,jc_mackenzie,Doctor Bradley,J.C. MacKenzie,
elemu,treva_etienne,Elemu,Treva Etienne,
mitch,paul_francis,Mitch,Paul Francis,
brian,ryan_alosio,Brian,Ryan Alosio,
john_mazoni,domenick_lombardozzi,John Mazoni,Domenick Lombardozzi,
frank_haynam,chris_mcgarry,Frank Haynam,Chris McGarry,
judge_ruffin,jack_shearer,Judge Ruffin,Jack Shearer,
larry_rogow,keram_malickisanchez,Larry Rogow,Keram Malicki-Sánchez,
frank_ames,ivar_brogger,Frank Ames,Ivar Brogger,
karris,tico_wells,Karris,Tico Wells,
secret_service_agent,emile_williams,Secret Service Agent,Emile Williams,
ambassador_shareef,alexander_zale,Ambassador Shareef,Alexander Zale,
general_blaye,ted_sutton,General Blaye,Ted Sutton,
diana_white,gabrielle_fitzpatrick,Diana White,Gabrielle Fitzpatrick,https://www.imdb.com/title/tt0285331/characters/nm0280521
agent_hart,dean_cudworth,Agent Hart,Dean Cudworth,
ian,jonathan_del_arco,Ian,Jonathan Del Arco,
agent_baron,tim_griffin,Agent Baron,Tim Griffin,
marcy,michael_hyatt,Marcy,Michael Hyatt,
usaf_mechanic,bryce_lenon,USAF Mechanic,Bryce Lenon,
rescue_worker,dan_lundy,Rescue Worker,Dan Lundy,
karen_pendleton,phyllis_lyons,Karen Pendleton,Phyllis Lyons,
gary,lawrence_monoson,Gary,Lawrence Monoson,
agent_ed,david_batiste,Agent Ed,David Batiste,
bryce_wolffson,jack_galle,Bryce Wolffson,Jack Galle,
jeannie_tyler,nancy_cartwright,Jeannie Tyler,Nancy Cartwright,
elena,scarlett_chorvat,Elena,Scarlett Chorvat,
ben_kram,spencer_garrett,Ben Kram,Spencer Garrett,
kevin_graves,ray_laska,Kevin Graves,Ray Laska,
nikolai,ray_proscia,Nikolai,Ray Proscia,
jamal_nasawa,merik_tadros,Jamal Nasawa,Merik Tadros,
attorney_general,ned_bellamy,Attorney General,Ned Bellamy,
agent_park,tom_choi,Agent Park,Tom Choi,https://www.imdb.com/title/tt0285331/characters/nm1059827
deputy_attorney_general,robin_thomas,Deputy Attorney General,Robin Thomas,
nantz,alex_carter,Nantz,Alex Carter,
kristen_smith,merle_dandridge,Kristen Smith,Merle Dandridge,https://www.imdb.com/title/tt0285331/characters/nm1617568
officer_imary38,james_macdonald,Officer I-Mary-38,James MacDonald,
lenny,logan_alexander,Lenny,Logan Alexander,
karima_naiyeer,yareli_arizmendi,Karima Naiyeer,Yareli Arizmendi,
henry_martin,andre_canty,Henry Martin,Andre Canty,
joseph_wald,jon_gries,Joseph Wald,Jon Gries,
general_gratz,carmen_argenziano,General Gratz,Carmen Argenziano,
military_officer_1,steven_arthur,Military Officer #1,Steven Arthur,
agent_gibson,paul_terrell_clayton,Agent Gibson,Paul Terrell Clayton,
anna,susan_gibney,Anna,Susan Gibney,
angry_man,michael_jannetta,Angry Man,Michael Jannetta,
steve_hillenburg,michael_mantell,Steve Hillenburg,Michael Mantell,
agent_rafael_gutierrez,marco_sanchez,Agent Rafael Gutierrez,Marco Sanchez,
mike_murphy,colby_french,Mike Murphy,Colby French,
trevor_tomlinson,simon_templeman,Trevor Tomlinson,Simon Templeman,
roger_sommers,randy_thompson,Roger Sommers,Randy Thompson,
captain_john_hansen,david_andriole,Captain John Hansen,David Andriole,
dr_martinez,hector_luis_bustamante,Dr. Martinez,Hector Luis Bustamante,
security_guard,jamie_calvert,Security Guard,Jamie Calvert,
melanie,brittany_ishibashi,Melanie,Brittany Ishibashi,
doctor_sanford,mauricio_mendoza,Doctor Sanford,Mauricio Mendoza,
meg,carmen_molinari,Meg,Carmen Molinari,
gary,jake_muxworthy,Gary,Jake Muxworthy,
joanna_tandy,pia_artesona,Joanna Tandy,Pia Artesona,
dhs_security_guard,larkin_campbell,DHS Security Guard,Larkin Campbell,
dhs_staffer,kate_rene_gleason,DHS Staffer,Kate Rene Gleason,
mall_manager,jay_gordon,Mall Manager,Jay Gordon,
steve_thompson,marc_raducci,Steve Thompson,Marc Raducci,
cal,channon_roe,Cal,Channon Roe,
leon,gideon_emery,Leon,Gideon Emery,
doctor_hastings,tom_everett,Doctor Hastings,Tom Everett,
ctu_doctor,natalija_nogulich,CTU Doctor,Natalija Nogulich,
jimmy,will_radford,Jimmy,Will Radford,
fbi_administrative_agent,lucas_ford,FBI Administrative Agent,Lucas Ford,
general_vincent,rocky_mcmurray,General Vincent,Rocky McMurray,
fbi_policeman_1,christopher_michael,FBI Policeman #1,Christopher Michael,
carol_vossler,jacqueline_pinol,Carol Vossler,Jacqueline Pinol,
captain_walleki,joe_sabatino,Captain Walleki,Joe Sabatino,
scott_baylor,scott_denny,Scott Baylor,Scott Denny,
claude_davenport,todd_jeffries,Claude Davenport,Todd Jeffries,
agent_bundy,ricardo_chavira,Agent Bundy,Ricardo Chavira,
hassan_naiyeer,shaun_duke,Hassan Naiyeer,Shaun Duke,
newman,randy_j_goodwin,Newman,Randy J. Goodwin,
field_reporter,jane_yamamoto,Field Reporter,Jane Yamamoto,
female_reporter,claudia_difolco,Female Reporter,Claudia DiFolco,
deputy_prime_minister_barghouti,christopher_maher,Deputy Prime Minister Barghouti,Christopher Maher,
male_driver,james_aaron_oliver,Male Driver,James Aaron Oliver,
ranger_mike_kramer,miguel_perez,Ranger Mike Kramer,Miguel Pérez,
foreman,michael_james_reed,Foreman,Michael James Reed,
peel,lobo_sebastian,Peel,Lobo Sebastian,https://www.imdb.com/title/tt0285331/characters/nm0780957
hannah_zoltan,shontina_vernon,Hannah Zoltan,Shontina Vernon,
subway_guy,andrew_borba,Subway Guy,Andrew Borba,
police_chief_hendrix,paul_vincent_oconnor,Police Chief Hendrix,Paul Vincent O'Connor,
lennox,shiloh_strong,Lennox,Shiloh Strong,
sergeant_paulson,rick_hall,Sergeant Paulson,Rick Hall,
arabic_man,jay_harik,Arabic Man,Jay Harik,
ctu_driver,andrew_putney,CTU Driver,Andrew Putney,
anwar,gino_salvano,Anwar,Gino Salvano,
craig_erwich,kelvin_han_yee,Craig Erwich,Kelvin Han Yee,
tom_wegman,jay_acovone,Tom Wegman,Jay Acovone,
moreno,herman_chavez,Moreno,Herman Chavez,
sgt_mike_mclaren,john_gleeson_connolly,Sgt. Mike McLaren,John Gleeson Connolly,
marine_commander,pancho_demmings,Marine Commander,Pancho Demmings,
dan,philip_lester,Dan,Philip Lester,
agent_finn,benjamin_john_parrillo,Agent Finn,Benjamin John Parrillo,
agent_clarke,christopher_stapleton,Agent Clarke,Christopher Stapleton,https://www.imdb.com/title/tt0285331/characters/nm0822944
ctu_security_guard,dan_warner,CTU Security Guard,Dan Warner,
mark_hauser,devon_gummersall,Mark Hauser,Devon Gummersall,
bar_patron_1,anthony_michael_jones,Bar Patron #1,Anthony Michael Jones,
fbi_agent,christian_macchio,FBI Agent,Christian Macchio,
cashier,derek_basco,Cashier,Derek Basco,
dcpd_officer,herve_clermont,DCPD Officer,Herve Clermont,
prion_variant_4,nicholas_guest,Prion Variant #4,Nicholas Guest,
john_brunner,tom_irwin,John Brunner,Tom Irwin,
wilsons_operative,thomas_lumberg_jr,Wilson's Operative,Thomas Lumberg Jr.,
starkwood_team_leader,jack_maxwell,Starkwood Team Leader,Jack Maxwell,
dr_levinson,paul_mcgillion,Dr. Levinson,Paul McGillion,
lead_fbi_agent,troy_mittleider,Lead FBI Agent,Troy Mittleider,
agent_davis,eric_nenninger,Agent Davis,Eric Nenninger,
agent_franks,fj_rio,Agent Franks,F.J. Rio,
linda_gadsen,meredith_salenger,Linda Gadsen,Meredith Salenger,
commando_1,john_antonini,Commando #1,John Antonini,
phil_holden,john_eric_bentley,Phil Holden,John Eric Bentley,
gerrard,charlie_bodin,Gerrard,Charlie Bodin,
sergeant_kiley,john_cothran,Sergeant Kiley,John Cothran,
vincent,gary_murphy,Vincent,Gary Murphy,
ben,chuck_walczak,Ben,Chuck Walczak,
agent_holmes,mina_badie,Agent Holmes,Mina Badie,
bus_stop_man,mark_clayman,Bus Stop Man,Mark Clayman,
charles_mclemore,jesse_corti,Charles McLemore,Jesse Corti,
fire_marshal,richard_gross,Fire Marshal,Richard Gross,
cam_strocker,antonio_david_lyons,Cam Strocker,Antonio David Lyons,
dockerty,christopher_murray,Dockerty,Christopher Murray,https://www.imdb.com/title/tt0285331/characters/nm0614887
anna,talitha_peters,Anna,Talitha Peters,
dave,gregory_sporleder,Dave,Gregory Sporleder,
first_waiter,john_tague,First Waiter,John Tague,
nancy,tracy_e_wilson,Nancy,Tracy E. Wilson,
colonel_lamb,edward_edwards,Colonel Lamb,Edward Edwards,
male_reporter,rick_lozano,Male Reporter,Rick Lozano,
trap_door_agent,dane_northcutt,Trap Door Agent,Dane Northcutt,
buchanan,leonard_roberts,Buchanan,Leonard Roberts,
simon_cullens,carlos_sanz,Simon Cullens,Carlos Sanz,
gus,adam_vernier,Gus,Adam Vernier,
lapd_officer_2,conroe_brooks,LAPD Officer #2,Conroe Brooks,
bruce_margolis,jd_cullum,Bruce Margolis,JD Cullum,
delta_pilot,thomas_hildreth,Delta Pilot,Thomas Hildreth,
bill,christopher_stanley,Bill,Christopher Stanley,
melissa,myndy_crist,Melissa,Myndy Crist,
omars_henchman,peter_macdissi,Omar's Henchman,Peter Macdissi,
kevin_keeler,chris_olivero,Kevin Keeler,Chris Olivero,
sgt_dennis_mcgrath,alex_skuby,Sgt. Dennis McGrath,Alex Skuby,
jennie,wylie_small,Jennie,Wylie Small,
presidential_aide,stacy_solodkin,Presidential Aide,Stacy Solodkin,
jin,ryun_yu,Jin,Ryun Yu,
baggage_handler,adam_donshik,Baggage Handler,Adam Donshik,
lieutenant_southern,don_fischer,Lieutenant Southern,Don Fischer,
conrad_haas,jeff_kober,Conrad Haas,Jeff Kober,
ctu_agent,tohoru_masamune,CTU Agent,Tohoru Masamune,
dhs_field_agent,aaron_mcpherson,DHS Field Agent,Aaron McPherson,
john_stratton,sky_soleil,John Stratton,Sky Soleil,
nathansons_operative,kevin_e_west,Nathanson's Operative,Kevin E. West,
brady_hauser,scott_michael_campbell,Brady Hauser,Scott Michael Campbell,
blake_simon,dc_douglas,Blake Simon,D.C. Douglas,
general_walsh,james_horan,General Walsh,James Horan,
robin,mary_chris_wall,Robin,Mary Chris Wall,
cabinet_secretary_1,brenda_wehle,Cabinet Secretary #1,Brenda Wehle,
taj,samir_younis,Taj,Samir Younis,
cnb_anchor,brian_bolter,CNB Anchor,Brian Bolter,
fbi_agent_1,burt_bulos,FBI Agent #1,Burt Bulos,
morgan,ian_paul_cassidy,Morgan,Ian Paul Cassidy,
mayers_driver,pablo_espinosa,Mayer's Driver,Pablo Espinosa,
prion_variant_5,jennifer_hetrick,Prion Variant #5,Jennifer Hetrick,
emt,adam_leclair,EMT,Adam LeClair,
fbi_policeman_2,omar_leyva,FBI Policeman #2,Omar Leyva,
dr_stahl,armando_molina,Dr. Stahl,Armando Molina,
dr_lee_schulman,ned_schmidtke,Dr. Lee Schulman,Ned Schmidtke,
nypd_officer,mark_delisle,NYPD Officer,Mark DeLisle,
agent_torres,jaime_gomez,Agent Torres,Jaime Gomez,
haigney,marc_aden_gray,Haigney,Marc Aden Gray,
ctu_guard_jim_payne,jamison_haase,CTU Guard Jim Payne,Jamison Haase,
nest_operative,brent_schraff,Nest Operative,Brent Schraff,
soldier_1,mark_allan_stewart,Soldier #1,Mark Allan Stewart,
agent_trask,joseph_will,Agent Trask,Joseph Will,
bellow,john_t_woods,Bellow,John T. Woods,https://www.imdb.com/title/tt0285331/characters/nm1555255
nurse,norma_maldonado,Nurse,Norma Maldonado,
victor_rovner,jeff_ricketts,Victor Rovner,Jeff Ricketts,
kid,desmond_bull,Kid,Desmond Bull,
phil,steve_oconnor,Phil,Steve O'Connor,
jared,ron_rogge,Jared,Ron Roggé,
prime_minister,michael_saad,Prime Minister,Michael Saad,
fareed_ali,ike_bram,Fareed Ali,Ike Bram,
nurse_clara,misty_carlisle,Nurse Clara,Misty Carlisle,
ctu_helicopter_crewman,morocco_omari,CTU Helicopter Crewman,Morocco Omari,
melinda_kale,zina_zaflow,Melinda Kale,Zina Zaflow,
lieutenant_jim_wong,philip_moon,Lieutenant Jim Wong,Philip Moon,
woman,liann_pattison,Woman,Liann Pattison,
agent_liles,charlie_sandlan,Agent Liles,Charlie Sandlan,
laurie_hansen,amy_benedict,Laurie Hansen,Amy Benedict,
officer_pantell,kent_faulcon,Officer Pantell,Kent Faulcon,
medic,taneka_johnson,Medic,Taneka Johnson,
agent_davis,tom_mccafferty,Agent Davis,Tom McCafferty,
officer_bill_dodson,james_mccauley,Officer Bill Dodson,James McCauley,
agent_drake,leesa_severyn,Agent Drake,Leesa Severyn,
maurice_landstrass,thomas_tofel,Maurice Landstrass,Thomas Tofel,
airport_security_guard,bernard_addison,Airport Security Guard,Bernard Addison,
cooper,jeff_campbell,Cooper,Jeff Campbell,
harry_swinton,peter_holden,Harry Swinton,Peter Holden,
federal_marshal,matthew_jones,Federal Marshal,Matthew Jones,
burke,taylor_nichols,Burke,Taylor Nichols,
penthouse_security_guard_1,scott_vance,Penthouse Security Guard #1,Scott Vance,
kohler,eric_winzenried,Kohler,Eric Winzenried,
ian,rueben_grundy,Ian,Rueben Grundy,
rogers,butch_hammett,Rogers,Butch Hammett,
marcus,pat_healy,Marcus,Pat Healy,
survivor,lyn_alicia_henderson,Survivor,Lyn Alicia Henderson,
secretary_dawes,bob_morrisey,Secretary Dawes,Bob Morrisey,
yusuf_amar,ruben_pla,Yusuf Amar,Ruben Pla,
ctu_swat_agent,brian_silverman,CTU SWAT Agent,Brian Silverman,
dr_wyndham,cas_anvar,Dr. Wyndham,Cas Anvar,
fbi_field_agent,aaron_james_cash,FBI Field Agent,Aaron James Cash,
arthur_carr,david_fury,Arthur Carr,David Fury,
greer,stephen_jared,Greer,Stephen Jared,
resident_1,robert_a_johnson,Resident #1,Robert A. Johnson,
secret_service_agent,clint_jung,Secret Service Agent,Clint Jung,
kevin_aldridge,john_rosenfeld,Kevin Aldridge,John Rosenfeld,
ctu_agent_1,kaitlyn_benson,CTU Agent #1,Kaitlyn Benson,
molly_oconnor,christina_cox,Molly O'Connor,Christina Cox,
air_force_pilot,mark_engelhardt,Air Force Pilot,Mark Engelhardt,
davros_operative,stefan_kapicic,Davros' Operative,Stefan Kapicic,
soldier_2,jonathan_kowalsky,Soldier #2,Jonathan Kowalsky,
bailiff,david_michie,Bailiff,David Michie,
ctu_swat_1,demond_robertson,CTU Swat #1,Demond Robertson,
dr_wynan,jonathan_strait,Dr. Wynan,Jonathan Strait,
suvarovs_aide,adam_tsekhman,Suvarov's Aide,Adam Tsekhman,
rocco,steph_duvall,Rocco,Steph DuVall,
flight_attendant,petra_wright,Flight Attendant,Petra Wright,
mina,esther_chae,Mina,Esther Chae,
craig,noel_gugliemi,Craig,Noel Gugliemi,
lewis,martin_morales,Lewis,Martin Morales,
military_official,david_ursin,Military Official,David Ursin,
news_reporter,daphne_bloomer,News Reporter,Daphne Bloomer,
prison_guard_1,steve_heinze,Prison Guard #1,Steve Heinze,
inmate_1,john_pyperferguson,Inmate #1,John Pyper-Ferguson,
major_john_blanchard,steve_rankin,Major John Blanchard,Steve Rankin,
reporter,christine_devine,Reporter,Christine Devine,
ctu_forensics_agent,david_kelsey,CTU Forensics Agent,David Kelsey,
ctu_security_wilson,andy_rolfes,CTU Security Wilson,Andy Rolfes,
stevens,j_scott_shonka,Stevens,J. Scott Shonka,
hotel_guest,paris_tanaka,Hotel Guest,Paris Tanaka,
george_kliavkoff,timothy_davisreed,George Kliavkoff,Timothy Davis-Reed,
farahs_lover,chris_eckles,Farah's Lover,Chris Eckles,
jeannie_paige,annie_larussa,Jeannie Paige,Annie LaRussa,
marwans_pilot,sunil_malhotra,Marwan's Pilot,Sunil Malhotra,
hurt_woman,elyse_mirto,Hurt Woman,Elyse Mirto,
checkpoint_agent,musashi_alexander,Checkpoint Agent,Musashi Alexander,
college_student,jerad_anderson,College Student,Jerad Anderson,
passenger_2,keith_pillow,Passenger #2,Keith Pillow,
hank,robert_rusler,Hank,Robert Rusler,
penthouse_security_guard_2,j_david_shanks,Penthouse Security Guard #2,J. David Shanks,
wilshire_security_guard,frank_silva,Wilshire Security Guard,Frank Silva,
captain_riggs,tim_talman,Captain Riggs,Tim Talman,
middle_eastern_man,kahlil_joseph,Middle Eastern Man,Kahlil Joseph,
marine_sergeant,mike_smith,Marine Sergeant,Mike Smith,
bradleys_assistant,jayson_victor,Bradley's Assistant,Jayson Victor,
resident_2,mike_baldridge,Resident #2,Mike Baldridge,
biohazard_agent,emil_beheshti,Biohazard Agent,Emil Beheshti,
emt_1,jade_carter,EMT #1,Jade Carter,
chuck_toland,murphy_guyer,Chuck Toland,Murphy Guyer,
nurse,janora_mcduffie,Nurse,Janora McDuffie,
agent_smith,kurt_meyer,Agent Smith,Kurt Meyer,
agent_miller,marc_schaffer,Agent Miller,Marc Schaffer,
agent_hobson,chris_ufland,Agent Hobson,Chris Ufland,
dcpd_officer_2,joe_wandell,DCPD Officer #2,Joe Wandell,
ctu_worker,kevin_kelly,CTU Worker,Kevin Kelly,
soldier_3,inna_korobkina,Soldier #3,Inna Korobkina,
davros_sniper,cliff_simon,Davros' Sniper,Cliff Simon,
female_reporter,nayo_wallace,Female Reporter,Nayo Wallace,
teenager_1,marcus_brown,Teenager #1,Marcus Brown,
anesthesiologist,ariel_felix,Anesthesiologist,Ariel Felix,
flight_attendant,karen_kim,Flight Attendant,Karen Kim,
douglas_newman,tony_perez,Douglas Newman,Tony Perez,
agent_rosser,billy_mayo,Agent Rosser,Billy Mayo,
cop,manny_perry,Cop,Manny Perry,
female_worker,shirin_sharif,Female Worker,Shirin Sharif,
chris,jason_matthew_smith,Chris,Jason Matthew Smith,
lyons,gwen_stewart,Lyons,Gwen Stewart,
district_medic,josh_clark,District Medic,Josh Clark,
asad_ali,raja_fenske,Asad Ali,Raja Fenske,
sandra,vivian_guzman,Sandra,Vivian Guzman,
maggie,lilas_lane,Maggie,Lilas Lane,
prime_minister_of_turkey,braeden_marcott,Prime Minister of Turkey,Braeden Marcott,
agent_parker,derrick_l_mcmillon,Agent Parker,Derrick L. McMillon,
man,bob_jesser,Man,Bob Jesser,
phillips_assistant,matt_kaminsky,Phillips' Assistant,Matt Kaminsky,
alice,kyme,Alice,Kyme,
hotel_guest,sue_jin_song,Hotel Guest,Sue Jin Song,
female_intel_agent,angelena_swords,Female Intel Agent,Angelena Swords,
brody,jeff_griggs,Brody,Jeff Griggs,
sergeant_phillips,eric_ritter,Sergeant Phillips,Eric Ritter,
russian_officer,dominic_comperatore,Russian Officer,Dominic Comperatore,
spokesman,mark_henderson,Spokesman,Mark Henderson,
ned,eddie_mekka,Ned,Eddie Mekka,
female_bar_patron,lissa_pallo,Female Bar Patron,Lissa Pallo,
doctor_hill,tim_rhoze,Doctor Hill,Tim Rhoze,
meghan,karla_zamudio,Meghan,Karla Zamudio,
suvarovs_aide_gregor,eugene_alper,Suvarov's Aide Gregor,Eugene Alper,
national_guard_sergeant,james_parks,National Guard Sergeant,James Parks,
omar,adrian_rmante,Omar,Adrian R'Mante,
raymond_howell,dominic_hoffman,Raymond Howell,Dominic Hoffman,
dr_cornell,bobby_hosea,Dr. Cornell,Bobby Hosea,
fynn,brian_jude_leahy,Fynn,Brian Jude Leahy,
sangalan_villager_1,chris_erric_maddox,Sangalan Villager #1,Chris Erric Maddox,
dubaku_man_1,maurice_mcrae,Dubaku Man #1,Maurice McRae,
andrews,wally_rudolph,Andrews,Wally Rudolph,
nurse_mitchell,heidi_wallace,Nurse Mitchell,Heidi Wallace,
soldier,simon_anthony,Soldier,Simon Anthony,
male_reporter,kevin_ashworth,Male Reporter,Kevin Ashworth,
ctu_analyst,jane_condon,CTU Analyst,Jane Condon,
nypd_officer_mund,brian_hyman,NYPD Officer Mund,Brian Hyman,
phillips,james_jordan,Phillips,James Jordan,
general_wasim,bashar_rahal,General Wasim,Bashar Rahal,
ruth_scott,becky_wahlstrom,Ruth Scott,Becky Wahlstrom,
surgical_nurse,linda_klein,Surgical Nurse,Linda Klein,
receptionist,sharon_madden,Receptionist,Sharon Madden,
field_reporter,john_sterling_carter,Field Reporter,John Sterling Carter,
bob_jorgensen,lewis_dauber,Bob Jorgensen,Lewis Dauber,
security_guard,maurice_dunster,Security Guard,Maurice Dunster,
nurse,michelle_anne_johnson,Nurse,Michelle Anne Johnson,
reporter,lisa_joyner,Reporter,Lisa Joyner,
deng,tony_lee,Deng,Tony Lee,
g_harding,maurice_g_smith,G. Harding,Maurice G. Smith,
rita_cullens,deena_dill,Rita Cullens,Deena Dill,
douglas_shaye,lorry_goldman,Douglas Shaye,Lorry Goldman,
zach_parker,jf_pryor,Zach Parker,Jf Pryor,
driver,fred_saldone,Driver,Fred Saldone,
jeff_benson,ty_upshaw,Jeff Benson,Ty Upshaw,
syed_alis_wife,shaheen_vaaz,Syed Ali's Wife,Shaheen Vaaz,
delta_medic,sven_erik_lindstrom,Delta Medic,Sven Erik Lindstrom,
dorman,eamon_hunt,Dorman,Eamon Hunt,
jason_carasone,ed_wasser,Jason Carasone,Ed Wasser,
train_engineer,william_badgett,Train Engineer,William Badgett,
captain_clarke,michael_borgschulte,Captain Clarke,Michael Borgschulte,
agent_dalton,gary_weeks,Agent Dalton,Gary Weeks,
taxi_driver,kevin_scott_allen,Taxi Driver,Kevin Scott Allen,
khgc_field_reporter,elizabeth_espinosa,KHGC Field Reporter,Elizabeth Espinosa,
lead_lapd_officer,brandon_ford_green,Lead LAPD Officer,Brandon Ford Green,
european_woman,aleksandra_kaniak,European Woman,Aleksandra Kaniak,
businessman,lou_richards,Businessman,Lou Richards,
ctu_agent,michael_eric_strickland,CTU Agent,Michael Eric Strickland,
ctu_swat_medic,eric_cazenave,CTU SWAT Medic,Eric Cazenave,
ticket_agent,van_epperson,Ticket Agent,Van Epperson,
young_east_asian_man,benito_paje,Young East Asian Man,Benito Paje,
floor_manager,richard_rosser,Floor Manager,Richard Rosser,
agent_mark,stephen_wastell,Agent Mark,Stephen Wastell,
field_reporter,robb_weller,Field Reporter,Robb Weller,
meredith_rojas,alyson_croft,Meredith Rojas,Alyson Croft,
boyd_engineer,charles_emmett,Boyd Engineer,Charles Emmett,
token_booth_operator,eileen_galindo,Token Booth Operator,Eileen Galindo,
agent_alves,billoah_greene,Agent Alves,Billoah Greene,
sangalan_villager_2,carshenah_jefferson,Sangalan Villager #2,Carshenah Jefferson,
nurse,detra_payne,Nurse,Detra Payne,
marine_squad_leader,darren_keefe_reiher,Marine Squad Leader,Darren Keefe Reiher,
surgeon,rolando_boyce,Surgeon,Rolando Boyce,
berkov,andy_davoli,Berkov,Andy Davoli,
nypd_officer_1,eddie_goines,NYPD Officer #1,Eddie Goines,
sterling_rush,daniel_kash,Sterling Rush,Daniel Kash,
presidential_aide_2,shauna_mcgarry,Presidential Aide #2,Shauna McGarry,
dr_laura_hendricks,jane_mclean,Dr. Laura Hendricks,Jane McLean,
cop_2,aaron_norvell,Cop #2,Aaron Norvell,
police_officer,david_j_odonnell,Police Officer,David J. O'Donnell,
teshon,sam_sarpong,Teshon,Sam Sarpong,
arabic_girl,talin_silva,Arabic Girl,Talin Silva,
father_gregor,matthew_wolf,Father Gregor,Matthew Wolf,
woman,kathy_byron,Woman,Kathy Byron,
dr_kinnard,james_healy_jr,Dr. Kinnard,James Healy Jr.,
colonel_ted_graham,ra_buck,Colonel Ted Graham,R.A. Buck,
rick,brad_grunberg,Rick,Brad Grunberg,
lapd_officer,benjamin_koldyke,LAPD Officer,Benjamin Koldyke,
security_guard,marty_ryan,Security Guard,Marty Ryan,
mark,burke_stuart,Mark,Burke Stuart,
chuck,mark_arnott,Chuck,Mark Arnott,
officer_brooks,henry_leblanc,Officer Brooks,Henry LeBlanc,
virologist,keith_mackechnie,Virologist,Keith MacKechnie,
detective_fisher,david_reivers,Detective Fisher,David Reivers,
saunders_operative,gavin_glennon,Saunders' Operative,Gavin Glennon,
ctu_doctor,fred_griffith,CTU Doctor,Fred Griffith,
amadors_guard,nathanial_moon,Amador's Guard,Nathanial Moon,
nurse,mary_wickliffe,Nurse,Mary Wickliffe,
hana,pamela_bel_anu,Hana,Pamela Bel Anu,
mara_tyler,josie_divincenzo,Mara Tyler,Josie DiVincenzo,
agent_jones,david_joyner,Agent Jones,David Joyner,
crt_agent,angelo_perez,CRT Agent,Angelo Perez,
alpha_7,terrence_wayne,Alpha 7,Terrence Wayne,
agent_m_dunley,terry_woodberry,Agent M. Dunley,Terry Woodberry,
sam,mark_bramhall,Sam,Mark Bramhall,
ctu_field_agent,brian_johnson,CTU Field Agent,Brian Johnson,
medic_1,james_ellis_lane,Medic #1,James Ellis Lane,
emt,francisco_viana,EMT,Francisco Viana,
nurse_1,lucy_butler,Nurse #1,Lucy Butler,
federal_marshal,glenn_davis,Federal Marshal,Glenn Davis,
airport_security_guard_1,derwin_jordan,Airport Security Guard #1,Derwin Jordan,
sangalan_villager_3,jermel_nakia,Sangalan Villager #3,Jermel Nakia,
dcpd_pilot,hector_atreyu_ruiz,DCPD Pilot,Hector Atreyu Ruiz,
transit_cop_1,ryan_smith,Transit Cop #1,Ryan Smith,
hale,winston_story,Hale,Winston Story,
irk_security_guard,jonathan_avigdori,IRK Security Guard,Jonathan Avigdori,
captain_ravello,greg_collins,Captain Ravello,Greg Collins,
emt_1,tony_elias,EMT #1,Tony Elias,
fredericks,mickey_maxwell,Fredericks,Mickey Maxwell,
ivan,michael_petrone,Ivan,Michael Petrone,
agent_swofford,tripp_pickell,Agent Swofford,Tripp Pickell,
woman,tania_verafield,Woman,Tania Verafield,
ctu_swat_sniper,jerald_vincent,CTU SWAT Sniper,Jerald Vincent,
secret_service_agent,mike_siegel,Secret Service Agent,Mike Siegel,
jason_park,boyuen,Jason Park,Boyuen,
doug_sloan,stan_carlson,Doug Sloan,Stan Carlson,
secret_service_agent,michael_nagy,Secret Service Agent,Michael Nagy,
sams_partner,mariah_pasos,Sam's Partner,Mariah Pasos,
mall_security_guard,michael_g_canaan,Mall Security Guard,Michael G. Canaan,
salazar_guard,frank_alvarez,Salazar Guard,Frank Alvarez,
sam_tyler,sean_smith,Sam Tyler,Sean Smith,
jim,dominick_larae,Jim,Dominick LaRae,
convenience_store_woman,heather_long,Convenience Store Woman,Heather Long,
meghans_son,joey_munguia,Meghan's Son,Joey Munguia,
viktor_grigorin,marat_oyvetsky,Viktor Grigorin,Marat Oyvetsky,
security_station_agent,eddie_driscoll,Security Station Agent,Eddie Driscoll,
medic,joseph_griffin,Medic,Joseph Griffin,
malek,muttalib_j_ibrahim,Malek,Muttalib J. Ibrahim,
news_anchor,mark_joyella,News Anchor,Mark Joyella,
nurse,kt_thangavelu,Nurse,K.T. Thangavelu,
nurse_corinna,rachel_andersen,Nurse Corinna,Rachel Andersen,
helicopter_pilot,boo_arnold,Helicopter Pilot,Boo Arnold,
nurse_2,ali_chen,Nurse #2,Ali Chen,
sangalan_villager_4,constance_ejuma,Sangalan Villager #4,Constance Ejuma,
technician_2,reginald_james,Technician #2,Reginald James,
robert,richard_roat,Robert,Richard Roat,
oniel,jim_staples,O'Niel,Jim Staples,
nypd_patrolman,chris_caldovino,NYPD Patrolman,Chris Caldovino,
rabinowitz,robert_dolan,Rabinowitz,Robert Dolan,
abbott,nynno_ahli,Abbott,Nynno Ahli,
janitor,jose_luis_vasquez,Janitor,Jose Luis Vasquez,
marshall_goren,carl_ciarfalio,Marshall Goren,Carl Ciarfalio,
hazmat_paramedic,max_delgado,Hazmat Paramedic,Max Delgado,
ken_williams,demitri_fields,Ken Williams,Demitri Fields,
don,darin_cooper,Don,Darin Cooper,
marcy,neisha_folkeslemelle,Marcy,Neisha Folkes-LeMelle,
red_shirt_guy,bill_kalmenson,Red Shirt Guy,Bill Kalmenson,
first_reporter,john_nielsen,First Reporter,John Nielsen,
sarah,jaclyn_sara_silvers,Sarah,Jaclyn Sara Silvers,
dan,danny_arroyo,Dan,Danny Arroyo,
yuli,michael_khmurov,Yuli,Michael Khmurov,
fayeds_henchman,ludwig_manukian,Fayed's Henchman,Ludwig Manukian,
julie,julie_quinn,Julie,Julie Quinn,
faa_official,phil_abrams,FAA Official,Phil Abrams,
transit_cop_2,randolph_adams,Transit Cop #2,Randolph Adams,
sangalan_villager_5,artel_great,Sangalan Villager #5,Artel Great,
ranger_thompson,chase_kim,Ranger Thompson,Chase Kim,
nurse,patty_onagan,Nurse,Patty Onagan,
flight_attendant_1,jill_remez,Flight Attendant #1,Jill Remez,
businessman,scott_dawson,Businessman,Scott Dawson,
nurse,presciliana_esparolini,Nurse,Presciliana Esparolini,
agent_rahim,steve_filice,Agent Rahim,Steve Filice,
jay,cleavon_mcclendon,Jay,Cleavon McClendon,
press_reporter,jane_park_smith,Press Reporter,Jane Park Smith,
wasims_officer,philip_shahbaz,Wasim's Officer,Philip Shahbaz,
un_field_reporter,nick_smith,UN Field Reporter,Nick Smith,
pilot,oscar_nunez,Pilot,Oscar Nuñez,
presidents_aide,margaret_easley,President's Aide,Margaret Easley,
keelers_assistant,dana_walters,Keeler's Assistant,Dana Walters,
doctor_paulson,robb_reesman,Doctor Paulson,Robb Reesman,
secret_service_agent_1,mark_atteberry,Secret Service Agent #1,Mark Atteberry,
starkwood_atc,dotan_baer,Starkwood ATC,Dotan Baer,
patrick,james_bulliard,Patrick,James Bulliard,
flight_attendant_2,elaine_kao,Flight Attendant #2,Elaine Kao,
attorney_1,matthew_lenhart,Attorney #1,Matthew Lenhart,
kaylas_aide,mercedes_colon,Kayla's Aide,Mercedes Colon,
ctu_security_guard,brian_david_jones,CTU Security Guard,Brian David Jones,
drug_addict,jay_thames,Drug Addict,Jay Thames,
ed,norm_compton,Ed,Norm Compton,
saunders_mercenary_leader,robert_bezanilla,Saunders' Mercenary Leader,Robert Bezanilla,
second_reporter,darren_ohare,Second Reporter,Darren O'Hare,
ctu_security_guard,blaine_pate,CTU Security Guard,Blaine Pate,
chuck,peter_smith,Chuck,Peter Smith,
assads_man,herzl_tobey,Assad's Man,Herzl Tobey,
fbi_agent_2,anthony_desantis,FBI Agent #2,Anthony DeSantis,
attorney_2,daver_morrison,Attorney #2,Daver Morrison,
irk_aide,sashi_bommakanty,IRK Aide,Sashi Bommakanty,
emt,scott_ferrara,EMT,Scott Ferrara,
emt,scott_ferrara,EMT,Scott Ferrara,
dr_joyner,george_alan,Dr. Joyner,George Alan,
lieutenant_colonel,michael_broderick,Lieutenant Colonel,Michael Broderick,
cnb_reporter,ron_pitts,CNB Reporter,Ron Pitts,
himself,bob_beckel,Himself,Bob Beckel,
nhs_security_guard,john_bisom,NHS Security Guard,John Bisom,
wall_street_passenger,geoff_aull,Wall Street Passenger,Geoff Aull,
fox_news_anchor,ernie_anastos,FOX News Anchor,Ernie Anastos,
herself,monica_crowley,Herself,Monica Crowley,
fbi_agent_1,matthew_scanlon,FBI Agent #1,Matthew Scanlon,
nasir_trabelsi,patrick_sabongui,Nasir Trabelsi,Patrick Sabongui,
emily_latham,hayley_mcfarland,Emily Latham,Hayley McFarland,
fbi_agent_2,ryan_christiansen,FBI Agent #2,Ryan Christiansen,
sato,roy_vongtama,Sato,Roy Vongtama,
prison_guard_3,tom_kiesche,Prison Guard #3,Tom Kiesche,
ctu_guard,richy_b_jacobs,CTU Guard,Richy B. Jacobs,
agent,andre_rishi,Agent,André Rishi,
steven_wiseman,robert_catrini,Steven Wiseman,Robert Catrini,
hessa_marwan,bahar_soomekh,Hessa Marwan,Bahar Soomekh,
officer_goodwin,mitchell_a_steinberg,Officer Goodwin,Mitchell A. Steinberg,
agent_aaron,aaron_white,Agent Aaron,Aaron White,
ctu_guard,chaz_fatur,CTU Guard,Chaz Fatur,
middle_eastern_man,michael_karawia,Middle Eastern Man,Michael Karawia,
agent_mccullough,erik_rondell,Agent McCullough,Erik Rondell,
fsb_agent,boris_arsoyev,FSB Agent,Boris Arsoyev,
ctu,shawn_mcdonald,CTU,Shawn McDonald,
ctu_agent,patrick_obell,CTU Agent,Patrick O'Bell,
roger_stanton,harris_yulin,Roger Stanton,Harris Yulin,https://www.imdb.com/title/tt0285331/characters/nm0950867
ctu_worker,ajay_nayyar,CTU Worker,Ajay Nayyar,
phillips_mercenary,chris_gann,Phillip's Mercenary,Chris Gann,
caras_accomplice,randall_archer,Cara's Accomplice,Randall Archer,
ctu_staffer,kavita_patil,CTU Staffer,Kavita Patil,
terrorist,laurence_todd_rosenthal,Terrorist,Laurence Todd Rosenthal,
sentox_cabalist,jeff_brockton,Sentox Cabalist,Jeff Brockton,
graems_henchman,bill_leaman,Graem's Henchman,Bill Leaman,
mark_wexler,tim_mikulecky,Mark Wexler,Tim Mikulecky,
ctu_field_driver,jeff_cadiente,CTU Field Driver,Jeff Cadiente,
inmate_2,troy_gilbert,Inmate #2,Troy Gilbert,
agent_adam,richard_john_walters,Agent Adam,Richard John Walters,
secretary_of_the_interior,mark_newsom,Secretary of the Interior,Mark Newsom,
fbi_tac_agent,thom_williams,FBI TAC Agent,Thom Williams,
ctu_swat_agent,michael_placencia,CTU SWAT Agent,Michael Placencia,
terrorist,marco_khan,Terrorist,Marco Khan,
agent_north,mark_aaron_wagner,Agent North,Mark Aaron Wagner,
agent_boorman,alton_demore,Agent Boorman,Alton Demore,
fbi_agent_2,brian_waller,FBI Agent #2,Brian Waller,
secret_service_agent,bruce_holman,Secret Service Agent,Bruce Holman,
2_separate_ctu_staffers,tony_donno,2 Separate CTU Staffers,Tony Donno,
lucy,melanee_murray,Lucy,Melanee Murray,
fbi_helicopter_gunner,jj_perry,FBI Helicopter Gunner,J.J. Perry,
fbi_swat_agent,erik_stabenau,FBI SWAT Agent,Erik Stabenau,
nest_tech_3,john_dalton,N.E.S.T. Tech #3,John Dalton,
inmate_d9973,john_meier,Inmate D-9973,John Meier,
navis_driver,nick_hermz,Navi's Driver,Nick Hermz,
forbes_henchman,david_kilde,Forbes' Henchman,David Kilde,
forbes_henchman_with_shotgun,carrick_oquinn,Forbes' Henchman with Shotgun,Carrick O'Quinn,
jacob_rossler,patrick_bauchau,Jacob Rossler,Patrick Bauchau,
ed,matt_flanagan,Ed,Matt Flanagan,
russian_consulate_guard,ian_novotny,Russian Consulate Guard,Ian Novotny,
ctu_officer,danny_pardo,CTU Officer,Danny Pardo,
irv,monti_sharp,Irv,Monti Sharp,
reporter,rick_l_dean,Reporter,Rick L. Dean,
reporter,erin_pickett,Reporter,Erin Pickett,
ctu_office_worker,kristina_sutton_salazar,CTU Office Worker,Kristina Sutton Salazar,
officer_barber,kevin_beard,Officer Barber,Kevin Beard,
ctu_staffer,william_h_burton_jr,CTU Staffer,William H. Burton Jr.,
band_member,sean_callery,Band Member,Sean Callery,
principal,jenny_gago,Principal,Jenny Gago,
ctu_employee,julie_marie_hassett,CTU Employee,Julie Marie Hassett,
ralph_rosen,robert_scott_kyker,Ralph Rosen,Robert Scott Kyker,
ctu_staffer,angela_meryl,CTU Staffer,Angela Meryl,
reporter,jackeline_olivier,Reporter,Jackeline Olivier,
waitress,cynthia_pinot,Waitress,Cynthia Pinot,
ctu_staffer,vladimir_tevlovski,CTU Staffer,Vladimir Tevlovski,
drazens_boat_driver,troy_waters,Drazen's Boat Driver,Troy Waters,
prison_guard,ted_barba,Prison Guard,Ted Barba,
emt_collins,anthony_l_gilardi,EMT Collins,Anthony L. Gilardi,
military_officer_2,stephen_mendel,Military Officer #2,Stephen Mendel,
ctu_agent,dalia_phillips,CTU Agent,Dalia Phillips,
ctu_agent,thomas_sobel,CTU Agent,Thomas Sobel,
agent_devereux,randy_davison,Agent Devereux,Randy Davison,
man,michael_atlas_lane,Man,Michael Atlas Lane,
ctu_agent,tony_morgan,CTU Agent,Tony Morgan,
hotel_guest,orlando_ortega,Hotel Guest,Orlando Ortega,
amadors_bodyguard,steven_j_pershing,Amador's Bodyguard,Steven J. Pershing,
white_house_aide,terry_bolo,White House Aide,Terry Bolo,
first_agent,todd_cattell,First Agent,Todd Cattell,
tim_felson,matt_decaro,Tim Felson,Matt DeCaro,
michelles_assistant,nancy_harding,Michelle's Assistant,Nancy Harding,
dar,joseph_hodge,Dar,Joseph Hodge,
ctu_security_guard,bryan_irzyk,CTU Security Guard,Bryan Irzyk,
extra,aled_haydn_jones,Extra,Aled Haydn Jones,
airforce_solder,dmitriy_karpov,Airforce Solder,Dmitriy Karpov,
james,rob_mars,James,Rob Mars,
ctu_agent,shaun_paul_piccinino,CTU Agent,Shaun Paul Piccinino,
terrorist,jimmy_n_roberts,Terrorist,Jimmy N. Roberts,
terrorist,scott_waugh,Terrorist,Scott Waugh,
gunman_2,jerry_g_angelo,Gunman #2,Jerry G. Angelo,
jim_hill,carl_edwards,Jim Hill,Carl Edwards,
white_house_staffer,travis_grenke,White House Staffer,Travis Grenke,
nerve_gas_victim_shopping_mall,chuck_hicks,Nerve gas victim- shopping mall,Chuck Hicks,
major_general_warren,clayton_landey,Major General Warren,Clayton Landey,
interviewed_shopper,debbie_major,Interviewed Shopper,Debbie Major,
ctu_staffer,john_mccain,CTU Staffer,John McCain,
presidential_staffer,david_mcdivitt,Presidential Staffer,David McDivitt,
oil_fields_worker,ricky_pak,Oil Fields Worker,Ricky Pak,
little_girl_nerve_gas_victim,gracie_phillips,Little girl - nerve gas victim,Gracie Phillips,https://www.imdb.com/title/tt0285331/characters/nm5328271
hendersons_mercenary,mark_riccardi,Henderson's Mercenary,Mark Riccardi,
ostroffs_lieutenant,sonny_surowiec,Ostroff's Lieutenant,Sonny Surowiec,
ctu_employee,taylor_neil_thomas,CTU Employee,Taylor Neil Thomas,
harrys_daughter,callie_thompson,Harry's Daughter,Callie Thompson,
ctu_agent,kat_venuti,CTU Agent,Kat Venuti,
nerve_gas_victim_shopping_mall,kaye_wade,Nerve gas victim- shopping mall,Kaye Wade,
camp_guard,loren_avedon,Camp Guard,Loren Avedon,
zhous_team_member_2,arnold_chon,Zhou's Team Member #2,Arnold Chon,
counter_terrorist_unit,michael_dane,Counter Terrorist Unit,Michael Dane,
ctu_swat_agent,brandon_fisher,CTU SWAT Agent,Brandon Fisher,
fbi_agent,kevin_gregg,FBI Agent,Kevin Gregg,
ctu_swat_team_member,michael_gross,CTU Swat Team Member,Michael Gross,
ctu_security_guard,monte_hunter,CTU Security Guard,Monte Hunter,
fbi_agent,robert_duncan_mcneill,FBI Agent,Robert Duncan McNeill,
ctu_staffer,stephen_merchant,CTU Staffer,Stephen Merchant,
zhous_team_member_2,simon_rhee,Zhou's Team Member #2,Simon Rhee,
ctu_team_leader,marc_scizak,CTU Team Leader,Marc Scizak,
ctu_security_guard,martin_taylor,CTU Security Guard,Martin Taylor,
murder_witness,dian_van_patten,Murder witness,Dian Van Patten,
late_night_fbi_worker,wendy_elizabeth_abraham,Late Night FBI Worker,Wendy Elizabeth Abraham,
wilsons_bodyguard,daniel_arrias,Wilson's Bodyguard,Daniel Arrias,
hostage,melissa_barker,Hostage,Melissa Barker,
dubakus_bodyguard,sean_christopher,Dubaku's Bodyguard,Sean Christopher,
white_house_reporter,steve_dargan,White House Reporter,Steve Dargan,
wilsons_driver,ivan_djurovic,Wilsons Driver,Ivan Djurovic,
swat_team_agent,mark_casimir_dyniewicz_jr,SWAT Team Agent,Mark Casimir Dyniewicz Jr.,
senate_hearing_observer,gregory_george_frank,Senate Hearing Observer,Gregory George Frank,
fbi_agent_1,david_j_law,FBI Agent #1,David J Law,
roger_taylor,eric_lively,Roger Taylor,Eric Lively,
senator,manny_oliverez,Senator,Manny Oliverez,
alan_wilson_bodyguard,tanoai_reed,Alan Wilson Bodyguard,Tanoai Reed,
kanins_aide,benjamin_steeples,Kanin's Aide,Benjamin Steeples,
surgeon,geoff_stevenson,Surgeon,Geoff Stevenson,
fbi_helicopter_gunner,charles_a_tamburro,FBI Helicopter Gunner,Charles A. Tamburro,
galvez_emt,erik_betts,Galvez' EMT,Erik Betts,
ctu_field_agent,jerome_ro_brooks,CTU Field Agent,Jerome Ro Brooks,
ctu_agent_henderson,briana_cap,CTU Agent Henderson,Briana Cap,
agent_peters,mark_alexander_herz,Agent Peters,Mark Alexander Herz,
ctu_agent_lee,brian_hite,CTU Agent Lee,Brian Hite,
ctu_agent_hopkins,hiro_koda,CTU Agent Hopkins,Hiro Koda,
elderly_worker,gene_lebell,Elderly worker,Gene LeBell,
new_yorker,mark_anthony_lopez,New Yorker,Mark Anthony Lopez,
department_store_shopper,joseph_obrien,Department Store Shopper,Joseph O'Brien,
ctu_agent_greer,sterling_rush,CTU Agent Greer,Sterling Rush,
stripper_2,marisa_saks,Stripper #2,Marisa Saks,
reporter,maria_zambrana,Reporter,Maria Zambrana,
