buffy_summers,sarah_michelle_gellar,Buffy Summers,Sarah Michelle Gellar,https://www.imdb.com/title/tt0118276/characters/nm0001264
xander_harris,nicholas_brendon,Xander Harris,Nicholas Brendon,https://www.imdb.com/title/tt0118276/characters/nm0107183
willow_rosenberg,alyson_hannigan,Willow Rosenberg,Alyson Hannigan,https://www.imdb.com/title/tt0118276/characters/nm0004989
rupert_giles,anthony_head,Rupert Giles,Anthony Head,https://www.imdb.com/title/tt0118276/characters/nm0372117
spike,james_marsters,Spike,James Marsters,https://www.imdb.com/title/tt0118276/characters/nm0551346
anya,emma_caulfield_ford,Anya,Emma Caulfield Ford,https://www.imdb.com/title/tt0118276/characters/nm0146536
dawn_summers,michelle_trachtenberg,Dawn Summers,Michelle Trachtenberg,https://www.imdb.com/title/tt0118276/characters/nm0005502
angel,david_boreanaz,Angel,David Boreanaz,https://www.imdb.com/title/tt0118276/characters/nm0004770
joyce_summers,kristine_sutherland,Joyce Summers,Kristine Sutherland,https://www.imdb.com/title/tt0118276/characters/nm0840133
cordelia_chase,charisma_carpenter,Cordelia Chase,Charisma Carpenter,https://www.imdb.com/title/tt0118276/characters/nm0004806
tara_maclay,amber_benson,Tara Maclay,Amber Benson,https://www.imdb.com/title/tt0118276/characters/nm0072435
daniel_osbourne,seth_green,Daniel Osbourne,Seth Green,https://www.imdb.com/title/tt0118276/characters/nm0001293
riley_finn,marc_blucas,Riley Finn,Marc Blucas,https://www.imdb.com/title/tt0118276/characters/nm0089456
jonathan_levinson,danny_strong,Jonathan Levinson,Danny Strong,https://www.imdb.com/title/tt0118276/characters/nm0834960
andrew_wells,tom_lenk,Andrew Wells,Tom Lenk,https://www.imdb.com/title/tt0118276/characters/nm0501937
faith,eliza_dushku,Faith,Eliza Dushku,https://www.imdb.com/title/tt0118276/characters/nm0244630
principal_snyder,armin_shimerman,Principal Snyder,Armin Shimerman,https://www.imdb.com/title/tt0118276/characters/nm0001734
drusilla,juliet_landau,Drusilla,Juliet Landau,https://www.imdb.com/title/tt0118276/characters/nm0484460
warren_meers,adam_busch,Warren Meers,Adam Busch,https://www.imdb.com/title/tt0118276/characters/nm0123951
harmony_kendall,mercedes_mcnab,Harmony Kendall,Mercedes McNab,https://www.imdb.com/title/tt0118276/characters/nm0573523
jenny_calendar,robia_scott,Jenny Calendar,Robia Scott,https://www.imdb.com/title/tt0118276/characters/nm0478750
ben,charlie_weber,Ben,Charlie Weber,https://www.imdb.com/title/tt0118276/characters/nm0916518
mayor_richard_wilkins,harry_groener,Mayor Richard Wilkins,Harry Groener,https://www.imdb.com/title/tt0118276/characters/nm0342881
principal_robin_wood,db_woodside,Principal Robin Wood,D.B. Woodside,https://www.imdb.com/title/tt0118276/characters/nm0940851
glory,clare_kramer,Glory,Clare Kramer,https://www.imdb.com/title/tt0118276/characters/nm0004456
kennedy,iyari_limon,Kennedy,Iyari Limon,https://www.imdb.com/title/tt0118276/characters/nm0510802
graham_miller,bailey_chase,Graham Miller,Bailey Chase,https://www.imdb.com/title/tt0118276/characters/nm0003082
forrest_gates,leonard_roberts,Forrest Gates,Leonard Roberts,https://www.imdb.com/title/tt0118276/characters/nm0731346
amanda,sarah_hagan,Amanda,Sarah Hagan,https://www.imdb.com/title/tt0118276/characters/nm0353247
wesley_wyndampryce,alexis_denisof,Wesley Wyndam-Pryce,Alexis Denisof,https://www.imdb.com/title/tt0118276/characters/nm0219206
adam,george_hertzberg,Adam,George Hertzberg,https://www.imdb.com/title/tt0118276/characters/nm0381104
professor_maggie_walsh,lindsay_crouse,Professor Maggie Walsh,Lindsay Crouse,https://www.imdb.com/title/tt0118276/characters/nm0001080
the_master,mark_metcalf,The Master,Mark Metcalf,https://www.imdb.com/title/tt0118276/characters/nm0582420
amy_madison,elizabeth_anne_allen,Amy Madison,Elizabeth Anne Allen,https://www.imdb.com/title/tt0118276/characters/nm0020494
rona,indigo,Rona,Indigo,
devon_macleish,jason_hall,Devon MacLeish,Jason Hall,
clem,james_c_leary,Clem,James C. Leary,https://www.imdb.com/title/tt0118276/characters/nm0495262
vi,felicia_day,Vi,Felicia Day,
halfrek,kali_rocha,Halfrek,Kali Rocha,
collin,andrew_j_ferchland,Collin,Andrew J. Ferchland,
darla,julie_benz,Darla,Julie Benz,https://www.imdb.com/title/tt0118276/characters/nm0004748
jinx,troy_blendell,Jinx,Troy Blendell,
larry_blaisdell,larry_bagby,Larry Blaisdell,Larry Bagby,https://www.imdb.com/title/tt0118276/characters/nm0046541
ubervamp,camden_toy,Ubervamp,Camden Toy,https://www.imdb.com/title/tt0118276/characters/nm0870262
murk,todd_duffey,Murk,Todd Duffey,
chaoahn,kristy_wu,Chao-Ahn,Kristy Wu,
parker_abrams,adam_kaufman,Parker Abrams,Adam Kaufman,https://www.imdb.com/title/tt0118276/characters/nm0442066
caleb,nathan_fillion,Caleb,Nathan Fillion,https://www.imdb.com/title/tt0118276/characters/nm0277213
mr_trick,k_todd_freeman,Mr. Trick,K. Todd Freeman,https://www.imdb.com/title/tt0118276/characters/nm0293461
willy_the_snitch,saverio_guerra,Willy the Snitch,Saverio Guerra,
molly,clara_bryant,Molly,Clara Bryant,
percy_west,ethan_erickson,Percy West,Ethan Erickson,https://www.imdb.com/title/tt0118276/characters/nm0004899
hank_summers,dean_butler,Hank Summers,Dean Butler,
principal_bob_flutie,ken_lerner,Principal Bob Flutie,Ken Lerner,
ethan_rayne,robin_sachs,Ethan Rayne,Robin Sachs,https://www.imdb.com/title/tt0118276/characters/nm0755179
luke,brian_thompson,Luke,Brian Thompson,https://www.imdb.com/title/tt0118276/characters/nm0859921
rack,jeff_kober,Rack,Jeff Kober,https://www.imdb.com/title/tt0118276/characters/nm0462116
dhoffryn,andy_umberger,D'Hoffryn,Andy Umberger,https://www.imdb.com/title/tt0118276/characters/nm0880820
deputy_mayor_allan_finch,jack_plotnick,Deputy Mayor Allan Finch,Jack Plotnick,
mr_miller,james_lurie,Mr. Miller,James Lurie,https://www.imdb.com/title/tt0118276/characters/nm0527096
mag,geoff_meed,Mag,Geoff Meed,
dr_kriegel,randy_thompson,Dr. Kriegel,Randy Thompson,https://www.imdb.com/title/tt0118276/characters/nm0860612
robson,rob_nagle,Robson,Rob Nagle,
scott_hope,fab_filippo,Scott Hope,Fab Filippo,https://www.imdb.com/title/tt0118276/characters/nm0277116
colonel_mcnamara,conor_ofarrell,Colonel McNamara,Conor O'Farrell,
kendra,bianca_lawson,Kendra,Bianca Lawson,https://www.imdb.com/title/tt0118276/characters/nm0493161
dr_angelman,jack_stehlin,Dr. Angelman,Jack Stehlin,
detective_stein,james_macdonald,Detective Stein,James MacDonald,https://www.imdb.com/title/tt0118276/characters/nm0531762
dreg,kevin_weisman,Dreg,Kevin Weisman,https://www.imdb.com/title/tt0118276/characters/nm0918858
cave_demon,steven_w_bailey,Cave Demon,Steven W. Bailey,
katrina_silber,amelinda_smith,Katrina Silber,Amelinda Smith,https://www.imdb.com/title/tt0118276/characters/nm0807295
doc,joel_grey,Doc,Joel Grey,https://www.imdb.com/title/tt0118276/characters/nm0001297
quentin_travers,harris_yulin,Quentin Travers,Harris Yulin,https://www.imdb.com/title/tt0118276/characters/nm0950867
crazy_1,bob_morrisey,Crazy #1,Bob Morrisey,
olivia,phina_oruche,Olivia,Phina Oruche,https://www.imdb.com/title/tt0118276/characters/nm0651403
primitive,sharon_ferguson,Primitive,Sharon Ferguson,https://www.imdb.com/title/tt0118276/characters/nm0272608
orlando,justin_gorence,Orlando,Justin Gorence,
reporter,amy_powell,Reporter,Amy Powell,
demon_2,walter_borchert,Demon #2,Walter Borchert,
sandy,megan_gray,Sandy,Megan Gray,
caridad,dania_ramirez,Caridad,Dania Ramirez,https://www.imdb.com/title/tt0118276/characters/nm1268158
crazy_2,paul_bates,Crazy #2,Paul Bates,
shannon,mary_wilcher,Shannon,Mary Wilcher,
injured_girl,lisa_ann_cabasa,Injured Girl,Lisa Ann Cabasa,
crazy_3,carl_j_johnson,Crazy #3,Carl J. Johnson,
veruca,paige_moss,Veruca,Paige Moss,
whistler,max_perlich,Whistler,Max Perlich,
kathy_newman,dagney_kerr,Kathy Newman,Dagney Kerr,https://www.imdb.com/title/tt0118276/characters/nm0449669
olaf,abraham_benrubi,Olaf,Abraham Benrubi,https://www.imdb.com/title/tt0118276/characters/nm0072344
razor,franc_ross,Razor,Franc Ross,https://www.imdb.com/title/tt0118276/characters/nm0743404
lyle_gorch,jeremy_ratchford,Lyle Gorch,Jeremy Ratchford,https://www.imdb.com/title/tt0118276/characters/nm0711595
cassie_newton,azura_skye,Cassie Newton,Azura Skye,https://www.imdb.com/title/tt0118276/characters/nm0005439
norman_pfister,kelly_connell,Norman Pfister,Kelly Connell,
dalton,eric_saiet,Dalton,Eric Saiet,
jape,rob_benedict,Jape,Rob Benedict,
major_ellis,nick_chinlund,Major Ellis,Nick Chinlund,
lydia,cynthia_lamontagne,Lydia,Cynthia LaMontagne,
chanterelle,julia_lee,Chanterelle,Julia Lee,https://www.imdb.com/title/tt0118276/characters/nm0497616
detective,chet_grissom,Detective,Chet Grissom,
philip,oliver_muirhead,Philip,Oliver Muirhead,
klyed,mike_grief,Klyed,Mike Grief,
lorraine_ross,kirsten_nelson,Lorraine Ross,Kirsten Nelson,
dr_gregory,william_monaghan,Dr. Gregory,William Monaghan,
cheerleader_joy,amanda_wilmshurst,Cheerleader Joy,Amanda Wilmshurst,
officer,jeff_mccredie,Officer,Jeff McCredie,https://www.imdb.com/title/tt0118276/characters/nm0566984
uncle_enyos,vincent_schiavelli,Uncle Enyos,Vincent Schiavelli,https://www.imdb.com/title/tt0118276/characters/nm0001704
collins,alastair_duncan,Collins,Alastair Duncan,https://www.imdb.com/title/tt0118276/characters/nm0241885
nigel,kris_iyer,Nigel,Kris Iyer,
shempy_vamp,paul_greenberg,Shempy Vamp,Paul Greenberg,
police_chief_bob,brian_reddy,Police Chief Bob,Brian Reddy,
jesse,eric_balfour,Jesse,Eric Balfour,https://www.imdb.com/title/tt0118276/characters/nm0050156
xander_double,kelly_donovan,Xander Double,Kelly Donovan,
gronx,lily_knight,Gronx,Lily Knight,
gina,marion_calvert,Gina,Marion Calvert,
patrol_cop,damian_mooney,Patrol Cop,Damian Mooney,
young_woman,stacey_scowley,Young Woman,Stacey Scowley,
cordette,nicole_bilderback,Cordette,Nicole Bilderback,
tom,mace_lombard,Tom,Mace Lombard,
ms_lefcourt,joy_demichelle,Ms. Lefcourt,Joy DeMichelle,
nikki_wood,kd_aubert,Nikki Wood,K.D. Aubert,https://www.imdb.com/title/tt0118276/characters/nm1147702
aphrodesia,amy_chance,Aphrodesia,Amy Chance,
demon,roger_w_morrissey,Demon,Roger W. Morrissey,
mason,neil_daly,Mason,Neil Daly,
truck_driver,michael_younger,Truck Driver,Michael Younger,
chloe,lalaine,Chloe,Lalaine,
mr_ward,bob_fimiani,Mr. Ward,Bob Fimiani,
mr_davis,bru_muller,Mr. Davis,Bru Muller,
roy,bryan_cuprill,Roy,Bryan Cuprill,
older_nightwatchman,paul_hayes,Older Nightwatchman,Paul Hayes,
aura,persia_white,Aura,Persia White,
council_member_5,john_oleary,Council Member #5,John O'Leary,
cute_boy,robert_vito,Cute Boy,Robert Vito,
frenzied_girl,tamara_braun,Frenzied Girl,Tamara Braun,
cordette,kristen_winnicki,Cordette,Kristen Winnicki,
adam,jeffrey_steven_smith,Adam,Jeffrey Steven Smith,
mrs_finkle,bonita_friedericy,Mrs. Finkle,Bonita Friedericy,
weatherby,jeff_ricketts,Weatherby,Jeff Ricketts,https://www.imdb.com/title/tt0118276/characters/nm0725519
parent_1,harry_johnson,Parent #1,Harry Johnson,
smith,kevin_owers,Smith,Kevin Owers,
rachel,jennifer_shon,Rachel,Jennifer Shon,
demon_bartender,alan_henry_brown,Demon Bartender,Alan Henry Brown,
parent_2,kelly_lynn_warren,Parent #2,Kelly Lynn Warren,
scientist,james_m_connor,Scientist,James M. Connor,
pretty_girl,hila_levy,Pretty Girl,Hila Levy,
2nd_male_partygoer,matthew_lang,2nd Male Partygoer,Matthew Lang,
homeowner,richard_wharton,Homeowner,Richard Wharton,
baby_demon_puppeteer,alice_dinnean,Baby Demon Puppeteer,Alice Dinnean,
jonathan_levinson,brad_kane,Jonathan Levinson,Brad Kane,
mustard_man,david_fury,Mustard Man,David Fury,
parking_ticket_woman,marti_noxon,Parking Ticket Woman,Marti Noxon,
willow,riff_regan,Willow,Riff Regan,
kyle_dufours,eion_bailey,Kyle DuFours,Eion Bailey,
marcie_ross,clea_duvall,Marcie Ross,Clea DuVall,https://www.imdb.com/title/tt0118276/characters/nm0245112
dave,chad_lindberg,Dave,Chad Lindberg,
ted_buchanan,john_ritter,Ted Buchanan,John Ritter,https://www.imdb.com/title/tt0118276/characters/nm0000615
richard_anderson,greg_vaughan,Richard Anderson,Greg Vaughan,https://www.imdb.com/title/tt0118276/characters/nm0891042
morgan_shay,rich_werner,Morgan Shay,Rich Werner,
coach_carl_marin,charles_cyphers,Coach Carl Marin,Charles Cyphers,
grace_newman,meredith_salenger,Grace Newman,Meredith Salenger,https://www.imdb.com/title/tt0118276/characters/nm0001694
rj_brooks,thad_luckinbill,R.J. Brooks,Thad Luckinbill,https://www.imdb.com/title/tt0118276/characters/nm0524745
tony_harris,casey_sander,Tony Harris,Casey Sander,
tom_warner,todd_babcock,Tom Warner,Todd Babcock,https://www.imdb.com/title/tt0118276/characters/nm0044859
ampata_gutierrez,ara_celi,Ampata Gutierrez,Ara Celi,https://www.imdb.com/title/tt0118276/characters/nm0148043
billy_palmer,jeremy_foley,Billy Palmer,Jeremy Foley,
rhonda_kelley,michael_mccraine,Rhonda Kelley,Michael McCraine,
catherine_madison,robin_riker,Catherine Madison,Robin Riker,https://www.imdb.com/title/tt0118276/characters/nm0726939
marc,burke_roberts,Marc,Burke Roberts,https://www.imdb.com/title/tt0118276/characters/nm0730902
fritz,jamison_ryan,Fritz,Jamison Ryan,
chris_epps,angelo_spizzirri,Chris Epps,Angelo Spizzirri,
natalie_french,musetta_vander,Natalie French,Musetta Vander,https://www.imdb.com/title/tt0118276/characters/nm0888727
owen_thurman,christopher_wiehl,Owen Thurman,Christopher Wiehl,
cameron_walker,jeremy_garrett,Cameron Walker,Jeremy Garrett,
james_stanley,christopher_gorham,James Stanley,Christopher Gorham,https://www.imdb.com/title/tt0118276/characters/nm0330913
gym_teacher,camila_griggs,Gym Teacher,Camila Griggs,
dr_stanley_backer,richard_herd,Dr. Stanley Backer,Richard Herd,
gwendolyn_post,serena_scott_thomas,Gwendolyn Post,Serena Scott Thomas,
demon_1,clayton_j_barber,Demon #1,Clayton J. Barber,
dracula,rudolf_martin,Dracula,Rudolf Martin,https://www.imdb.com/title/tt0118276/characters/nm0553020
sweet,hinton_battle,Sweet,Hinton Battle,
demon,lisa_hoyle,Demon,Lisa Hoyle,
teeth,raymond_oconnor,Teeth,Raymond O'Connor,
nancy,kaarina_aufranc,Nancy,Kaarina Aufranc,
kit_holburn,alexandra_breckenridge,Kit Holburn,Alexandra Breckenridge,https://www.imdb.com/title/tt0118276/characters/nm1020036
richard,ryan_browning,Richard,Ryan Browning,
peter_nicols,zachery_ty_bryan,Peter Nicols,Zachery Ty Bryan,
old_lady,pat_crawford_brown,Old Lady,Pat Crawford Brown,
father,anthony_s_johnson,Father,Anthony S. Johnson,
lance_brooks,brandon_keener,Lance Brooks,Brandon Keener,
charlotte_sired_vampire,robinne_lee,Charlotte - Sired Vampire,Robinne Lee,
sam_finn,ivana_milicevic,Sam Finn,Ivana Milicevic,https://www.imdb.com/title/tt0118276/characters/nm0587431
lissa,ashanti,Lissa,Ashanti,https://www.imdb.com/title/tt0118276/characters/nm0038680
eric,michael_bacall,Eric,Michael Bacall,
billy_fordham,jason_behr,Billy 'Ford' Fordham,Jason Behr,https://www.imdb.com/title/tt0118276/characters/nm0004736
mitch,ryan_bittle,Mitch,Ryan Bittle,
mr_pole,jim_doughan,Mr. Pole,Jim Doughan,
tor_hauer,brian_gross,Tor Hauer,Brian Gross,
blayne_moll,price_jackson,Blayne Moll,Price Jackson,
thelonius,pierrino_mascarino,Thelonius,Pierrino Mascarino,
philip_henry,stuart_mclean,Philip Henry,Stuart McLean,
callie_anderson,jordana_spiro,Callie Anderson,Jordana Spiro,
shopkeeper,richard_assad,Shopkeeper,Richard Assad,
cain,jack_conley,Cain,Jack Conley,
security_guard,willie_garson,Security Guard,Willie Garson,
george,john_hawkes,George,John Hawkes,
pat,nancy_lenehan,Pat,Nancy Lenehan,https://www.imdb.com/title/tt0118276/characters/nm0501802
gage_petronzi,wentworth_miller,Gage Petronzi,Wentworth Miller,https://www.imdb.com/title/tt0118276/characters/nm0589505
tector_gorch,james_parks,Tector Gorch,James Parks,
pete_clarner,john_patrick_white,Pete Clarner,John Patrick White,https://www.imdb.com/title/tt0118276/characters/nm0925003
colm,eric_matheny,Colm,Eric Matheny,
eddie,pedro_pascal,Eddie,Pedro Pascal,https://www.imdb.com/title/tt0118276/characters/nm0050959
jack_otoole,channon_roe,Jack O'Toole,Channon Roe,
toth,michael_bailey_smith,Toth,Michael Bailey Smith,https://www.imdb.com/title/tt0118276/characters/nm0809344
justin,kavan_reece,Justin,Kavan Reece,https://www.imdb.com/title/tt0118276/characters/nm1056067
manny,brent_hinkley,Manny,Brent Hinkley,
teen_boy,matt_koruba,Teen Boy,Matt Koruba,
mr_newton,glenn_morshower,Mr. Newton,Glenn Morshower,
todd,ryan_raddatz,Todd,Ryan Raddatz,https://www.imdb.com/title/tt0118276/characters/nm1347221
principal_flutie,stephen_tobolowsky,Principal Flutie,Stephen Tobolowsky,https://www.imdb.com/title/tt0118276/characters/nm0864997
machida,robin_atkin_downes,Machida,Robin Atkin Downes,https://www.imdb.com/title/tt0118276/characters/nm0235960
ms_miller,denise_dowse,Ms. Miller,Denise Dowse,
school_nurse,edith_fields,School Nurse,Edith Fields,
real_natalie_french,jean_speegle_howard,Real Natalie French,Jean Speegle Howard,
mrs_jackson,lenora_may,Mrs. Jackson,Lenora May,
mysterious_guy,paulfelix_montez,Mysterious Guy,Paul-Felix Montez,
daryl_epps,ingo_neuhaus,Daryl Epps,Ingo Neuhaus,https://www.imdb.com/title/tt0118276/characters/nm0626933
diego,jarrad_paul,Diego,Jarrad Paul,
lishanne,nicole_prescott,Lishanne,Nicole Prescott,https://www.imdb.com/title/tt0118276/characters/nm0696121
heidi_barrie,jennifer_sky,Heidi Barrie,Jennifer Sky,
neal,ken_thorley,Neal,Ken Thorley,
diedre_page,wendy_way,Diedre Page,Wendy Way,
daniel,shane_barach,Daniel,Shane Barach,
ryan,andrew_ducote,Ryan,Andrew Ducote,
nurse_greenliegh,conchata_ferrell,Nurse Greenliegh,Conchata Ferrell,
mrs_frank,miriam_flynn,Mrs. Frank,Miriam Flynn,
ken,carlos_jacott,Ken,Carlos Jacott,
debbie_foley,danielle_weeks,Debbie Foley,Danielle Weeks,https://www.imdb.com/title/tt0118276/characters/nm0917307
mr_whitmore,rick_zieff,Mr. Whitmore,Rick Zieff,
bob,michael_cudlitz,Bob,Michael Cudlitz,https://www.imdb.com/title/tt0118276/characters/nm0191044
jack,steven_m_porter,Jack,Steven M. Porter,
sunday,katharine_towne,Sunday,Katharine Towne,https://www.imdb.com/title/tt0118276/characters/nm0870007
laurie,anastasia_horne,Laurie,Anastasia Horne,
genevive_holt,kathryn_joosten,Genevive Holt,Kathryn Joosten,
cheese_man,david_wells,Cheese Man,David Wells,https://www.imdb.com/title/tt0118276/characters/nm0920169
mandraz,fleming_brooks,Mandraz,Fleming Brooks,
april,shonda_farr,April,Shonda Farr,https://www.imdb.com/title/tt0118276/characters/nm0268062
janice,amber_tamblyn,Janice,Amber Tamblyn,https://www.imdb.com/title/tt0118276/characters/nm0848554
vamp_1,geordie_white,Vamp #1,Geordie White,
general_gregor,wade_williams,General Gregor,Wade Williams,https://www.imdb.com/title/tt0118276/characters/nm0931898
sister,nicholette_dixon,Sister,Nicholette Dixon,
odonnell,yan_england,O'Donnell,Yan England,
jessica_harris,lee_garlington,Jessica Harris,Lee Garlington,
tomas,rick_gonzalez,Tomas,Rick Gonzalez,
professor_hawkins,joyce_guy,Professor Hawkins,Joyce Guy,
social_services_supervisor,daniel_hagen,Social Services Supervisor,Daniel Hagen,
punk_girl,tess_hall,Punk Girl,Tess Hall,
linda,lisa_jay,Linda,Lisa Jay,
skanky_vamp,adam_paul,Skanky Vamp,Adam Paul,
sophie,laura_roth,Sophie,Laura Roth,
holden_webster,jonathan_m_woodward,Holden Webster,Jonathan M. Woodward,https://www.imdb.com/title/tt0118276/characters/nm0940950
kevin,scott_gurney,Kevin,Scott Gurney,
elliot,chasen_hampton,Elliot,Chasen Hampton,
absalom,brent_jennings,Absalom,Brent Jennings,
sheila_martini,alexandra_johnes,Sheila Martini,Alexandra Johnes,
bud_1,john_knight,Bud #1,John Knight,
mrs_epps,melanie_macqueen,Mrs. Epps,Melanie MacQueen,
lance,jeff_maynard,Lance,Jeff Maynard,
van_driver,robert_mont,Van Driver,Robert Mont,
custodian,michael_earl_reid,Custodian,Michael Earl Reid,
sven,henrik_rosvall,Sven,Henrik Rosvall,
male_student,damon_sharpe,Male Student,Damon Sharpe,
wendell,justin_urich,Wendell,Justin Urich,
meanest_vamp,charles_wesley,Meanest Vamp,Charles Wesley,
old_man,ian_abercrombie,Old Man,Ian Abercrombie,
male_ghost,edward_edwards,Male Ghost,Edward Edwards,
soldier,ryan_francis,Soldier,Ryan Francis,
blood_bank_doctor,marypat_green,Blood Bank Doctor,Mary-Pat Green,
dr_wilkinson,juanita_jennings,Dr. Wilkinson,Juanita Jennings,
mr_platt,phill_lewis,Mr. Platt,Phill Lewis,
theresa_klusmeyer,megahn_perry,Theresa Klusmeyer,Megahn Perry,
kakistos,jeremy_roberts,Kakistos,Jeremy Roberts,https://www.imdb.com/title/tt0118276/characters/nm0731230
paramedic,kate_rodger,Paramedic,Kate Rodger,
sheila_rosenberg,jordan_baker,Sheila Rosenberg,Jordan Baker,
nicole,brooke_bloom,Nicole,Brooke Bloom,
blair,dominic_keating,Blair,Dominic Keating,
brian,melik_malkasian,Brian,Melik Malkasian,
skyler,michael_manasseri,Skyler,Michael Manasseri,
josh,marc_rose,Josh,Marc Rose,
hus,tod_thawley,Hus,Tod Thawley,
freshman,david_tuchman,Freshman,David Tuchman,
partier,anthony_anselmi,Partier,Anthony Anselmi,
xanders_father,michael_harney,Xander's Father,Michael Harney,
monk,ravil_isyanov,Monk,Ravil Isyanov,
waitress,elizabeth_payne,Waitress,Elizabeth Payne,
colonel_george_haviland,john_saint_ryan,Colonel George Haviland,John Saint Ryan,
principal_stevens,anne_betancourt,Principal Stevens,Anne Betancourt,
young_nun,ranjani_brow,Young Nun,Ranjani Brow,
first_paramedic,kevin_cristaldi,First Paramedic,Kevin Cristaldi,
zack,dave_power,Zack,Dave Power,https://www.imdb.com/title/tt0118276/characters/nm0694386
dante_chavalier,karim_prince,Dante Chavalier,Karim Prince,
mfashnik_demon,todd_stashwick,M'Fashnik Demon,Todd Stashwick,https://www.imdb.com/title/tt0118276/characters/nm0823693
jonesing_girl,mageina_tovah,Jonesing Girl,Mageina Tovah,
vamp_2,stephen_triplett,Vamp #2,Stephen Triplett,
lady,marilyn_brett,Lady,Marilyn Brett,
josh,kevin_christy,Josh,Kevin Christy,
brother,marshe_daniel,Brother,Marshe Daniel,
bouncer,kevin_daniels,Bouncer,Kevin Daniels,
christine,amy_hathaway,Christine,Amy Hathaway,
cousin_carol,jan_hoag,Cousin Carol,Jan Hoag,
young_woman,benita_krista_nall,Young Woman,Benita Krista Nall,
doris_kroeger,susan_ruttan,Doris Kroeger,Susan Ruttan,
lori,angela_sarafyan,Lori,Angela Sarafyan,https://www.imdb.com/title/tt0118276/characters/nm1494168
doctor,michael_warren,Doctor,Michael Warren,
anne,caroline_lagerfelt,Anne,Caroline Lagerfelt,
rodney_munson,clayne_crawford,Rodney Munson,Clayne Crawford,https://www.imdb.com/title/tt0118276/characters/nm0186728
big_ugly,gregory_scott_cummins,Big Ugly,Gregory Scott Cummins,https://www.imdb.com/title/tt0118276/characters/nm0192003
tackle,christopher_dahlberg,Tackle,Christopher Dahlberg,
malcolm,mark_deakins,Malcolm,Mark Deakins,https://www.imdb.com/title/tt0118276/characters/nm0212636
homeless_guy,jack_knight,Homeless Guy,Jack Knight,
vampire,jeff_langton,Vampire,Jeff Langton,
thomas,j_patrick_lawlor,Thomas,J. Patrick Lawlor,https://www.imdb.com/title/tt0118276/characters/nm0492551
laura,j_robin_miller,Laura,J. Robin Miller,
creepy_cult_guy,daniel_murray,Creepy Cult Guy,Daniel Murray,
lisa,natasha_pearce,Lisa,Natasha Pearce,
james,will_rothhaar,James,Will Rothhaar,
dr_weirick,james_stephens,Dr. Weirick,James Stephens,https://www.imdb.com/title/tt0118276/characters/nm0827042
lenny,mark_burnham,Lenny,Mark Burnham,
werewolf,keith_campbell,Werewolf,Keith Campbell,
cute_girl,brie_mccaddin,Cute Girl,Brie McCaddin,
doug_perren,jack_mcgee,Doug Perren,Jack McGee,
intern,robert_munic,Intern,Robert Munic,
margaret,cornelia_hayes_oherlihy,Margaret,Cornelia Hayes O'Herlihy,
miss_beakman,lorna_scott,Miss Beakman,Lorna Scott,
rickie,chad_todhunter,Rickie,Chad Todhunter,
shrouded_man,gary_bullock,Shrouded Man,Gary Bullock,https://www.imdb.com/title/tt0118276/characters/nm0120147
hobson,david_haydnjones,Hobson,David Haydn-Jones,
parker,darin_heames,Parker,Darin Heames,
hunt,kal_penn,Hunt,Kal Penn,https://www.imdb.com/title/tt0118276/characters/nm0671980
rookie,mike_rad,Rookie,Mike Rad,
cheryl,jessica_townsend,Cheryl,Jessica Townsend,
chaz,sulo_williams,Chaz,Sulo Williams,
cousin_beth,amy_adams,Cousin Beth,Amy Adams,https://www.imdb.com/title/tt0118276/characters/nm0010736
building_manager,cate_cohen,Building Manager,Cate Cohen,
mother,michelle_ferrara,Mother,Michelle Ferrara,
doctor,william_forward,Doctor,William Forward,
mover_1,edward_james_gage,Mover #1,Edward James Gage,
little_boy,jb_gaynor,Little Boy,J.B. Gaynor,
julie,casey_mccarthy,Julie,Casey McCarthy,
dr_overheiser,time_winters,Dr. Overheiser,Time Winters,https://www.imdb.com/title/tt0118276/characters/nm0936011
professor_lillian,leland_crooke,Professor Lillian,Leland Crooke,
vamp_3,david_franco,Vamp #3,David Franco,
jonesing_guy,michael_giordani,Jonesing Guy,Michael Giordani,
tony,paul_gutrecht,Tony,Paul Gutrecht,
second_paramedic,stefan_umstead,Second Paramedic,Stefan Umstead,
woman,patrice_walters,Woman,Patrice Walters,
handsome_young_man,daniel_weaver,Handsome Young Man,Daniel Weaver,
mother,edie_caggiano,Mother,Edie Caggiano,
teacher,elizabeth_cazenave,Teacher,Elizabeth Cazenave,
annabelle,courtnee_draper,Annabelle,Courtnee Draper,
gary,thomas_michael_ferguson,Gary,Thomas Michael Ferguson,
cleo,jessa_french,Cleo,Jessa French,
teacher,david_ghilardi,Teacher,David Ghilardi,
diana,nichole_hiltz,Diana,Nichole Hiltz,
ronnie,jack_sundmacher,Ronnie,Jack Sundmacher,
villager_1,taylor_sutherland,Villager #1,Taylor Sutherland,
old_man,george_wallace,Old Man,George Wallace,
vaughne,megalyn_echikunwoke,Vaughne,Megalyn Echikunwoke,
eve,amanda_fuller,Eve,Amanda Fuller,
mr_anderson,david_brisbin,Mr. Anderson,David Brisbin,
detective_winslow,carlease_burke,Detective Winslow,Carlease Burke,
girl,abigail_gershman,Girl,Abigail Gershman,
lean_boy,andrew_palmer,Lean Boy,Andrew Palmer,
agent_doyle,mark_c_phelan,Agent Doyle,Mark C. Phelan,
linebacker,jason_posey,Linebacker,Jason Posey,
teacher,michael_ross_verona,Teacher,Michael Ross Verona,
ms_tishler,terry_walters,Ms. Tishler,Terry Walters,
sid,tom_wyner,Sid,Tom Wyner,
policeman,richard_hoytmiller,Policeman,Richard Hoyt-Miller,
clerk,suzanne_krull,Clerk,Suzanne Krull,
little_buffy_summers,mimi_paley,Little Buffy Summers,Mimi Paley,
dodd_mcalvy,jake_patellis,Dodd McAlvy,Jake Patellis,
merrick,richard_riehle,Merrick,Richard Riehle,
young_doctor,paul_morgan_stetler,Young Doctor,Paul Morgan Stetler,
night_watchman,eric_whitmore,Night Watchman,Eric Whitmore,
lost_freshman,scott_becker,Lost Freshman,Scott Becker,
lackey,keith_brunsmann,Lackey,Keith Brunsmann,
balthazar,christian_clemenson,Balthazar,Christian Clemenson,
guy,nick_cornish,Guy,Nick Cornish,
curator,margaret_easley,Curator,Margaret Easley,
dav,shannon_hillary,Dav,Shannon Hillary,
masked_teen,aldis_hodge,Masked Teen,Aldis Hodge,https://www.imdb.com/title/tt0118276/characters/nm0388038
freddy_iverson,keram_malickisanchez,Freddy Iverson,Keram Malicki-Sánchez,
kip,jake_phillips,Kip,Jake Phillips,
little_girl,lindsay_taylor,Little Girl,Lindsay Taylor,
dickie,scott_torrence,Dickie,Scott Torrence,
mover_2,scott_berman,Mover #2,Scott Berman,
mr_maclay,steve_rankin,Mr. Maclay,Steve Rankin,
foreman,david_reivers,Foreman,David Reivers,
junkie_vampire_girl,rainy_jo_stout,Junkie Vampire Girl,Rainy Jo Stout,
mort,brian_turk,Mort,Brian Turk,
nightwatchman,james_wellington,Nightwatchman,James Wellington,
911_operator,loanne_bishop,911 Operator,Loanne Bishop,
man,john_patrick_clerkin,Man,John Patrick Clerkin,
porter,frederick_dawson,Porter,Frederick Dawson,
glenn,charles_duckworth,Glenn,Charles Duckworth,
vince,noel_gugliemi,Vince,Noel Gugliemi,
creepy_guy,colin_malone,Creepy Guy,Colin Malone,
mr_savitsky,michael_merton,Mr. Savitsky,Michael Merton,
henchman,scot_zeller,Henchman,Scot Zeller,
minion_1,craig_zimmerman,Minion #1,Craig Zimmerman,
nora,linda_christopher,Nora,Linda Christopher,
cheryl,riki_lindhome,Cheryl,Riki Lindhome,https://www.imdb.com/title/tt0118276/characters/nm1641251
girl_in_park,kelly_parver,Girl in Park,Kelly Parver,
desk_sergeant,armand_reiser,Desk Sergeant,Armand Reiser,
villager_2,marybeth_scherr,Villager #2,MaryBeth Scherr,
lulu,beth_skipp,Lulu,Beth Skipp,
general,rif_hutton,General,Rif Hutton,
young_man,coby_bell,Young Man,Coby Bell,
emily_,krissy_carlson,Emily (Dancer),Krissy Carlson,
aldo_gianfranco,scott_harlan,Aldo Gianfranco,Scott Harlan,
bud_1,karim_oliver,Bud #1,Karim Oliver,
morgue_attendant,tony_sears,Morgue Attendant,Tony Sears,
agent_manetti,skip_stellrecht,Agent Manetti,Skip Stellrecht,
teacher,natalie_strauss,Teacher,Natalie Strauss,
mrs_anderson,barbara_whinnery,Mrs. Anderson,Barbara Whinnery,
john_lee,nathan_anderson,John Lee,Nathan Anderson,
manager,john_ennis,Manager,John Ennis,https://www.imdb.com/title/tt0118276/characters/nm0257890
stoner_1,chris_garnant,Stoner #1,Chris Garnant,
celia,denise_johnson,Celia,Denise Johnson,
ms_barton,peg_stewart,Ms. Barton,Peg Stewart,
sean,shane_west,Sean,Shane West,
sales_girl,andrea_baker,Sales Girl,Andrea Baker,
hogan_martin,justin_doran,Hogan Martin,Justin Doran,
construction_worker,don_dowe,Construction Worker,Don Dowe,
lysette,whitney_dylan,Lysette,Whitney Dylan,
gentleman,doug_jones,Gentleman,Doug Jones,https://www.imdb.com/title/tt0118276/characters/nm0427964
edward,walter_jones,Edward,Walter Jones,
little_boy,shawn_pyfrom,Little Boy,Shawn Pyfrom,
courier,jimmie_f_skaggs,Courier,Jimmie F. Skaggs,
jamie,william_vogt,Jamie,William Vogt,https://www.imdb.com/title/tt0118276/characters/nm0901116
lieutenant,jade_carter,Lieutenant,Jade Carter,
construction_worker,fritz_greve,Construction Worker,Fritz Greve,
brad,chaney_kley,Brad,Chaney Kley,
karen,erica_luttrell,Karen,Erica Luttrell,
vampire_girl_1,marita_schaub,Vampire Girl #1,Marita Schaub,
evan,jeff_wilson,Evan,Jeff Wilson,
whip,emmanuel_xuereb,Whip,Emmanuel Xuereb,
marco,enrique_almeida,Marco,Enrique Almeida,
kevin,j_evan_bonifant,Kevin,J. Evan Bonifant,
burly_guard,michael_emanuel,Burly Guard,Michael Emanuel,
tito,john_jabaley,Tito,John Jabaley,
teen,josh_jacobson,Teen,Josh Jacobson,
rusty,jack_jozefson,Rusty,Jack Jozefson,
student,greg_wayne,Student,Greg Wayne,
demon,zachary_woodlee,Demon,Zachary Woodlee,
christy,dawn_worrall,Christy,Dawn Worrall,
cop_1,bernard_addison,Cop #1,Bernard Addison,
phillip,douglas_bennett,Phillip,Douglas Bennett,
frank,garrett_brawith,Frank,Garrett Brawith,
uncle_rory,steven_gilborn,Uncle Rory,Steven Gilborn,
matthew,anthony_harrell,Matthew,Anthony Harrell,
meter_man,jeffrey_jacquin,Meter Man,Jeffrey Jacquin,
villager_3,alessandro_mastrobuono,Villager #3,Alessandro Mastrobuono,
trucker,brett_wagner,Trucker,Brett Wagner,
imposing_demon,derek_anthony,Imposing Demon,Derek Anthony,
the_guardian,christine_healy,The Guardian,Christine Healy,
shop_keeper,terence_bernie_hines,Shop Keeper,Terence Bernie Hines,
stressed_out_boy,alan_loayza,Stressed Out Boy,Alan Loayza,
man,john_bellucci,Man,John Bellucci,
peru_man,gil_birmingham,Peru Man,Gil Birmingham,
fbi_teacher,julie_fulton,FBI Teacher,Julie Fulton,
boy,carmine_giovinazzo,Boy,Carmine Giovinazzo,https://www.imdb.com/title/tt0118276/characters/nm0320547
bouncer,teddy_lane_jr,Bouncer,Teddy Lane Jr.,
locker_girl,michelle_miracle,Locker Girl,Michelle Miracle,
coach,brian_pietro,Coach,Brian Pietro,
suitman,michael_rothhaar,Suitman,Michael Rothhaar,
coach_herrold,gregory_white,Coach Herrold,Gregory White,
der_kindestod,james_jude_courtney,Der Kindestod,James Jude Courtney,https://www.imdb.com/title/tt0118276/characters/nm0183921
weatherman,mark_kriski,Weatherman,Mark Kriski,
roughneck,michael_leopard,Roughneck,Michael Leopard,
first_cop,susan_leslie,First Cop,Susan Leslie,
nancy,mariah_obrien,Nancy,Mariah O'Brien,https://www.imdb.com/title/tt0118276/characters/nm0639686
fighting_boy,brian_poth,Fighting Boy,Brian Poth,https://www.imdb.com/title/tt0118276/characters/nm0693090
dean_guerrero,mark_ankeny,Dean Guerrero,Mark Ankeny,
cop,vaughn_armstrong,Cop,Vaughn Armstrong,
gachnar,adam_bitterman,Gachnar,Adam Bitterman,https://www.imdb.com/title/tt0118276/characters/nm0084536
prof_riegert,robert_catrini,Prof. Riegert,Robert Catrini,
paula,lisa_johnson,Paula,Lisa Johnson,
harv,mike_kimmel,Harv,Mike Kimmel,
alfonse,michael_nagy,Alfonse,Michael Nagy,
nancy_doyle,lauren_e_roman,Nancy Doyle,Lauren E. Roman,
security_guard_1,michael_schoenfeld,Security Guard #1,Michael Schoenfeld,
vincent,alex_skuby,Vincent,Alex Skuby,
michael_czajak,blake_soper,Michael Czajak,Blake Soper,
peaches,faith_s_abrahams,Peaches,Faith S. Abrahams,
bartender,ezra_buzzington,Bartender,Ezra Buzzington,
cop,adam_clark,Cop,Adam Clark,
male_partygoer,edward_fletcher,Male Partygoer,Edward Fletcher,
tough_vamp,adam_gifford,Tough Vamp,Adam Gifford,
hospital_doctor,dierdre_holder,Hospital Doctor,Dierdre Holder,
customer,staci_lawrence,Customer,Staci Lawrence,
vampire_girl_2,lesli_jean_matta,Vampire Girl #2,Lesli Jean Matta,
boone,rick_stear,Boone,Rick Stear,
henchman,timothy_anderson,Henchman,Timothy Anderson,
matt,joe_digiandomenico,Matt,Joe DiGiandomenico,
customer,andrea_gall,Customer,Andrea Gall,
reporter,rick_garcia,Reporter,Rick Garcia,
kirstie,kelli_garner,Kirstie,Kelli Garner,
mike,jonathan_goldstein,Mike,Jonathan Goldstein,
slook,alan_heitz,Slook,Alan Heitz,https://www.imdb.com/title/tt0118276/characters/nm1476559
maria,emily_kay,Maria,Emily Kay,
vampire,tom_kiesche,Vampire,Tom Kiesche,
bank_guard,brian_kolb,Bank Guard,Brian Kolb,
janitor,joe_ochman,Janitor,Joe Ochman,
security_guard,dwight_bacquie,Security Guard,Dwight Bacquie,
butcher,donald_bishop,Butcher,Donald Bishop,
administrator,tim_hager,Administrator,Tim Hager,
coroner,tim_hodgin,Coroner,Tim Hodgin,
martin_wilder,jarrett_lennon,Martin Wilder,Jarrett Lennon,
cop_2,eric_prescott,Cop #2,Eric Prescott,
timothy,andrew_reville,Timothy,Andrew Reville,
nurse,sarah_scivier,Nurse,Sarah Scivier,
viking_1,daniel_spanton,Viking #1,Daniel Spanton,
waitress,anna_maria_maccarrone,Waitress,Anna Maria Maccarrone,
police_officer,dorian_missick,Police Officer,Dorian Missick,
crying_girl,corin_norton,Crying Girl,Corin Norton,
young_robin,damani_roberts,Young Robin,Damani Roberts,
mrs_kalish,patricia_bethune,Mrs. Kalish,Patricia Bethune,
girl,deborah_brown,Girl,Deborah Brown,
way_cool_guy,johnny_green,Way Cool Guy,Johnny Green,
peruvian_boy,samuel_jacobs,Peruvian Boy,Samuel Jacobs,
joey_anderson,justin_jon_ross,Joey Anderson,Justin Jon Ross,
tree_seller_guy,tom_bailey,Tree Seller Guy,Tom Bailey,
fighting_girl,sarah_bibb,Fighting Girl,Sarah Bibb,https://www.imdb.com/title/tt0118276/characters/nm0080832
kate,jennie_chester,Kate,Jennie Chester,
teacher,gary_imhoff,Teacher,Gary Imhoff,
woman,carla_madden,Woman,Carla Madden,
second_cop,thomas_g_waites,Second Cop,Thomas G. Waites,
demon_guard,harley_zumbrum,Demon Guard,Harley Zumbrum,https://www.imdb.com/title/tt0118276/characters/nm0958638
dr_powell,paulo_andres,Dr. Powell,Paulo Andrés,
mrs_taggert,wendy_clifford,Mrs. Taggert,Wendy Clifford,
security_guard_2,seth_coltan,Security Guard #2,Seth Coltan,
roy,grant_garrison,Roy,Grant Garrison,
tux_boy,tove_kingsbury,Tux Boy,Tove Kingsbury,
gentleman,don_lewis,Gentleman,Don Lewis,
rachel,michele_nordin,Rachel,Michele Nordin,
woman,patricia_place,Woman,Patricia Place,
ra,scott_rinker,R.A.,Scott Rinker,
driver,joshua_wheeler,Driver,Joshua Wheeler,
lunch_lady,wendy_worthington,Lunch Lady,Wendy Worthington,
skinny_mental_patient,keith_allan,Skinny Mental Patient,Keith Allan,
inga,shawnie_costello,Inga,Shawnie Costello,
scientist_2,mark_daneri,Scientist #2,Mark Daneri,
crazy_person,peggy_goss,Crazy Person,Peggy Goss,
female_partygoer,katharine_leonard,Female Partygoer,Katharine Leonard,
scientist_1,andy_marshall,Scientist #1,Andy Marshall,
old_monk,john_sarkisian,Old Monk,John Sarkisian,
drowning_boy,jeffrey_sharmat,Drowning Boy,Jeffrey Sharmat,
vampire_girl_3,jennifer_slimko,Vampire Girl #3,Jennifer Slimko,
dixon,jordi_vilasuso,Dixon,Jordi Vilasuso,
woman_customer,winsome_brown,Woman Customer,Winsome Brown,
driver,paul_darrigo,Driver,Paul Darrigo,
cleric_1,jack_donner,Cleric #1,Jack Donner,
henchman,alejandro_estornel,Henchman,Alejandro Estornel,
lisa,raeven_kelly,Lisa,RaéVen Kelly,
carl,adam_lieberman,Carl,Adam Lieberman,
innocent_girl,kelly_smith,Innocent Girl,Kelly Smith,
mr_typical,kevin_carter,Mr. Typical,Kevin Carter,
orderly,rodney_charles,Orderly,Rodney Charles,
guard_1,stefan_marks,Guard #1,Stefan Marks,
paramedic,michael_matthys,Paramedic,Michael Matthys,
warty_demon,daniel_mcfeeley,Warty Demon,Daniel McFeeley,
little_boy,lyndon_smith,Little Boy,Lyndon Smith,
viking_2,john_timmons,Viking #2,John Timmons,
roger,chris_wiley,Roger,Chris Wiley,
monk,larry_clarke,Monk,Larry Clarke,
shy_girl,sujata_day,Shy Girl,Sujata Day,
new_vamp,ira_steck,New Vamp,Ira Steck,
girl_2,tupelo_jereme,Girl #2,Tupelo Jereme,
parent,keith_mackechnie,Parent,Keith MacKechnie,
cool_guys_mom,patty_ross,Cool Guy's Mom,Patty Ross,
caretaker,robert_covarrubias,Caretaker,Robert Covarrubias,
frawley,billy_maddox,Frawley,Billy Maddox,
old_woman,barbara_pilavin,Old Woman,Barbara Pilavin,
student,parry_shen,Student,Parry Shen,
gypsy_woman,shannon_welles,Gypsy Woman,Shannon Welles,
mr_beach,robert_arce,Mr. Beach,Robert Arce,
college_kid_1,patrick_belton,College Kid #1,Patrick Belton,
gentleman,charlie_brumbly,Gentleman,Charlie Brumbly,
nurse,susan_chuang,Nurse,Susan Chuang,
lobster_boy,adam_grimes,Lobster Boy,Adam Grimes,https://www.imdb.com/title/tt0118276/characters/nm0342182
guard,jr_reed,Guard,JR Reed,
lester_worth,hal_robinson,Lester Worth,Hal Robinson,
cop,ron_rogge,Cop,Ron Roggé,
student_at_mic,michael_zlabinger,Student at Mic,Michael Zlabinger,
running_girl,jeri_austin,Running Girl,Jeri Austin,
ilsa,julie_costello,Ilsa,Julie Costello,
demon,mark_gantt,Demon,Mark Gantt,
commando_2,doron_keenan,Commando #2,Doron Keenan,
roughlooking_demon,paul_nygro,Rough-Looking Demon,Paul Nygro,
leiach_demon,torry_pendergrass,Lei-Ach Demon,Torry Pendergrass,https://www.imdb.com/title/tt0118276/characters/nm7361060
vampire_chick,erin_leigh_price,Vampire Chick,Erin Leigh Price,
ryan,jordan_belfi,Ryan,Jordan Belfi,
resident,gil_christner,Resident,Gil Christner,
minister,darius_dudley,Minister,Darius Dudley,
boy_in_bronze,asher_glaser,Boy in Bronze,Asher Glaser,
chunky_kid,steven_anthony_lawrence,Chunky Kid,Steven Anthony Lawrence,
young_buffy,alexandra_lee,Young Buffy,Alexandra Lee,
teacher,tia_matza,Teacher,Tia Matza,
male_customer,christopher_may,Male Customer,Christopher May,
college_guy_1,matt_sims,College Guy #1,Matt Sims,
mike_helgenberg,j_barton,Mike Helgenberg,J Barton,
hoffman,bobby_brewer,Hoffman,Bobby Brewer,
kissing_girl,april_dion,Kissing Girl,April Dion,
clerk,julie_hermelin,Clerk,Julie Hermelin,
tarantula,rebecca_jackson,Tarantula,Rebecca Jackson,
guard_2,christopher_james,Guard #2,Christopher James,
elderly_man,john_f_kearney,Elderly Man,John F. Kearney,
little_girl,melina_webberley,Little Girl,Melina Webberley,
carlos,david_zepeda,Carlos,David Zepeda,
feral_teen,tw_leshner,Feral Teen,T.W. Leshner,
brian_kirsch,alan_abelew,Brian Kirsch,Alan Abelew,
young_woman,patrese_borem,Young Woman,Patrese Borem,
doctor,dom_magwili,Doctor,Dom Magwili,
hans,joseph_daube,Hans,Joseph Daube,
gypsy_man,zitto_kazann,Gypsy Man,Zitto Kazann,
ben,ryan_tasz,Ben,Ryan Tasz,
old_man,harrison_young,Old Man,Harrison Young,
newscaster,carlos_amezcua,Newscaster,Carlos Amezcua,
dr_gold,thomas_bellin,Dr. Gold,Thomas Bellin,
ms_murray,molly_bryant,Ms. Murray,Molly Bryant,
pretty_girl,monica_serene_garnich,Pretty Girl,Monica Serene Garnich,
hallmate,darris_love,Hallmate,Darris Love,
older_woman,norma_michaels,Older Woman,Norma Michaels,
vamp_lackey_1,adrian_neil,Vamp Lackey #1,Adrian Neil,
student_volunteer,denice_sealy,Student Volunteer,Denice Sealy,
college_kid_2,kaycee_shank,College Kid #2,Kaycee Shank,
mooster,daniel_tamm,Mooster,Daniel Tamm,
nurse_lampkin,april_adams,Nurse Lampkin,April Adams,
soldier,rob_boltin,Soldier,Rob Boltin,
shady_lady,karen_charnell,Shady Lady,Karen Charnell,
stabbing_vampire,chris_daniels,Stabbing Vampire,Chris Daniels,
visitor,kimberly_mcrae,Visitor,Kimberly McRae,
christy,danielle_pessis,Christy,Danielle Pessis,
girl_in_bronze,jennifer_bergman,Girl in Bronze,Jennifer Bergman,
college_guy_2,hunter_cochran,College Guy #2,Hunter Cochran,
teenager,kelly_felix,Teenager,Kelly Felix,
vampire,john_michael_herndon,Vampire,John Michael Herndon,
professor_roberts,ace_mask,Professor Roberts,Ace Mask,
ratfaced_demon,david_meunier,Rat-Faced Demon,David Meunier,
young_buffy,candice_nicole,Young Buffy,Candice Nicole,
girl,sabrina_speer,Girl,Sabrina Speer,
lady_with_baby,annie_talbot,Lady with Baby,Annie Talbot,
simon,adam_weiner,Simon,Adam Weiner,
red_robed_1,daniel_dehring,Red Robed #1,Daniel Dehring,
tentacle_demon,mel_fair,Tentacle Demon,Mel Fair,
coworker,elin_hampton,Co-Worker,Elin Hampton,
dead_nerd,jeremy_howard,Dead Nerd,Jeremy Howard,https://www.imdb.com/title/tt0118276/characters/nm0397386
housewife_type,sara_lawall,Housewife Type,Sara Lawall,
girl_at_bronze,kate_orsini,Girl at Bronze,Kate Orsini,
grimes,roberto_santos,Grimes,Roberto Santos,
shadow_man_1,geoffrey_kasule,Shadow Man #1,Geoffrey Kasule,
middleaged_man,lance_e_nichols,Middle-Aged Man,Lance E. Nichols,
girl_at_bat,demetra_raven,Girl At Bat,Demetra Raven,
stage_manager,sean_moran,Stage Manager,Sean Moran,
helpless_girl,joanie_pleasant,Helpless Girl,Joanie Pleasant,
50s_girl_1,anna_comanhidy,50's Girl #1,Anna Coman-Hidy,
frederick,jermyn_daube,Frederick,Jermyn Daube,
jock,scott_hamm,Jock,Scott Hamm,
aaron,alex_toma,Aaron,Alex Toma,
girl,ginger_williams,Girl,Ginger Williams,
waiter,corey_michael_blake,Waiter,Corey Michael Blake,
vamp_lackey,samuel_bliss_cooper,Vamp Lackey,Samuel Bliss Cooper,
priest,joe_howard,Priest,Joe Howard,
college_kid_3,steven_jang,College Kid #3,Steven Jang,
student,brett_moses,Student,Brett Moses,
student,rich_muller,Student,Rich Muller,
angry_girl,evie_peck,Angry Girl,Evie Peck,
present_girl,larissa_reynolds,Present Girl,Larissa Reynolds,https://www.imdb.com/title/tt0118276/characters/nm1235794
vamp_lackey_2,john_rosenfeld,Vamp Lackey #2,John Rosenfeld,
little_girl,elizabeth_thuax,Little Girl,Elizabeth Thuax,
creature,barbara_c_adside,Creature,Barbara C. Adside,
initiative_guy,david_engler,Initiative Guy,David Engler,
chaos_demon,ken_feinberg,Chaos Demon,Ken Feinberg,https://www.imdb.com/title/tt0118276/characters/nm0270671
sergeant,rick_scarry,Sergeant,Rick Scarry,
intern,brian_tee,Intern,Brian Tee,
older_nurse,sara_van_horn,Older Nurse,Sara Van Horn,
guy,chad_erickson,Guy,Chad Erickson,
waitress,nell_shanahan,Waitress,Nell Shanahan,
lady_with_rosary,noor_shic,Lady with Rosary,Noor Shic,
brie,melanie_sirmons,Brie,Melanie Sirmons,
young_dawn,elyssa_d_vito,Young Dawn,Elyssa D. Vito,
friend,paull_walia,Friend,Paull Walia,
slimecover_demon,andrew_wasser,Slime-Cover Demon,Andrew Wasser,
doctor,mueen_jahan_ahmad,Doctor,Mueen Jahan Ahmad,
pimply_teen,victor_z_isaac,Pimply Teen,Victor Z. Isaac,
demon_teen,nick_kokich,Demon Teen,Nick Kokich,
dead_janitor,ken_strunk,Dead Janitor,Ken Strunk,https://www.imdb.com/title/tt0118276/characters/nm0835349
red_robed_2,aj_wedding,Red Robed #2,AJ Wedding,
colleen,rachel_bilson,Colleen,Rachel Bilson,https://www.imdb.com/title/tt0118276/characters/nm1377375
indian_girl,katie_gray,Indian Girl,Katie Gray,
shadow_man_2,karara_muhoro,Shadow Man #2,Karara Muhoro,
50s_girl_2,vanessa_bednar,50's Girl #2,Vanessa Bednar,
candy_gorch,lee_everett,Candy Gorch,Lee Everett,
teacher,nina_gervitz,Teacher,Nina Gervitz,
truck_guy,dell_yount,Truck Guy,Dell Yount,
stoner,cameron_bender,Stoner,Cameron Bender,
jack_mayhew,damien_eckhardt,Jack Mayhew,Damien Eckhardt,
another_student,jay_michael_ferguson,Another Student,Jay Michael Ferguson,
bodydouble_willow,jennifer_nicole,Body-Double Willow,Jennifer Nicole,https://www.imdb.com/title/tt0118276/characters/nm0630361
earnest_fellow,anil_raman,Earnest Fellow,Anil Raman,
freshman,wayne_sable,Freshman,Wayne Sable,
creature,debbie_lee_carrington,Creature,Debbie Lee Carrington,
date,jen_furlong,Date,Jen Furlong,
orderly,brian_hawley,Orderly,Brian Hawley,
vampire_1,steve_heinze,Vampire #1,Steve Heinze,
donny_maclay,kevin_rankin,Donny Maclay,Kevin Rankin,
small_demon,richard_beatty,Small Demon,Richard Beatty,
mailman,peter_husmann,Mailman,Peter Husmann,
girlfriend,lauren_nissi,Girlfriend,Lauren Nissi,
paramedic_1,dominic_rambaran,Paramedic #1,Dominic Rambaran,
nurse,mary_sheldon,Nurse,Mary Sheldon,
dead_girl,rachael_bella,Dead Girl,Rachael Bella,https://www.imdb.com/title/tt0118276/characters/nm0068622
nurse_1,jane_cho,Nurse #1,Jane Cho,
night_manager,robert_noble,Night Manager,Robert Noble,
dead_woman,marcie_lynn_ross,Dead Woman,Marcie Lynn Ross,
munroe,justin_shilton,Munroe,Justin Shilton,
betty,carrie_southworth,Betty,Carrie Southworth,
shadow_man_3,daniel_wilson,Shadow Man #3,Daniel Wilson,
michelle,tori_mcpetrie,Michelle,Tori McPetrie,
nonserious_guy,jason_christopher,Nonserious Guy,Jason Christopher,
tux_girl,stephanie_denise_griffin,Tux Girl,Stephanie Denise Griffin,
young_woman,kate_luhr,Young Woman,Kate Luhr,
doctor,jack_esformes,Doctor,Jack Esformes,
chinese_slayer,ming_qiu,Chinese Slayer,Ming Qiu,https://www.imdb.com/title/tt0118276/characters/nm0514984
paramedic_2,tony_sago,Paramedic #2,Tony Sago,
council_member_4,jack_thomas,Council Member #4,Jack Thomas,
nurse_2,meredith_cross,Nurse #2,Meredith Cross,
young_bartender,julian_franco,Young Bartender,Julian Franco,
teacher,ed_francis_martin,Teacher,Ed Francis Martin,https://www.imdb.com/title/tt0118276/characters/nm0552232
helpless_girl,christie_abbott,Helpless Girl,Christie Abbott,
duncan,nathan_burgess,Duncan,Nathan Burgess,
japanese_girl,ally_maki,Japanese Girl,Ally Maki,
kulak,chad_stahelski,Kulak,Chad Stahelski,https://www.imdb.com/title/tt0118276/characters/nm0821432
conservative_woman,jane_silvia,Conservative Woman,Jane Silvia,
subway_slayer,april_weeden,Subway Slayer,April Weeden,https://www.imdb.com/title/tt0118276/characters/nm0917252
witch_woman,lorin_davis,Witch Woman,Lorin Davis,
paramedic_2,david_adefeso,Paramedic #2,David Adefeso,
caterer_girl,susannah_l_brown,Caterer Girl,Susannah L. Brown,
student,simon_chernin,Student,Simon Chernin,https://www.imdb.com/title/tt0118276/characters/nm0155921
crazy_citizen,david_grammer,Crazy Citizen,David Grammer,
school_girl,kelli_wheeler,School Girl,Kelli Wheeler,
passing_student,mark_elliott_silverberg,Passing Student,Mark Elliott Silverberg,
steve,jabari_hearn,Steve,Jabari Hearn,
witchy_poo,lily_jackson,Witchy Poo,Lily Jackson,
vampire,jeffrey_nicholas_brown,Vampire,Jeffrey Nicholas Brown,
vampire,jeff_denton,Vampire,Jeff Denton,
josh_age_10,joey_hiott,Josh Age 10,Joey Hiott,
trailer_girl,jenna_edwards,Trailer Girl,Jenna Edwards,
ron,derrick_l_mcmillon,Ron,Derrick L. McMillon,
villager,nelson_frederick,Villager,Nelson Frederick,
sara_age_8,abigail_mavity,Sara Age 8,Abigail Mavity,
potential_with_power_2,julia_ling,Potential with Power #2,Julia Ling,
bartender,clint_culp,Bartender,Clint Culp,
josh_age_21,christopher_emerson,Josh Age 21,Christopher Emerson,
horned_demon,mark_ginther,Horned Demon,Mark Ginther,https://www.imdb.com/title/tt0118276/characters/nm0320169
sara_age_18,ashleigh_ann_wood,Sara Age 18,Ashleigh Ann Wood,
karen,megan_vint,Karen,Megan Vint,
agent_brown,erik_betts,Agent Brown,Erik Betts,
bronze_patron_1,jeff_shrewsbury,Bronze patron #1,Jeff Shrewsbury,
formidable_vampire,scott_duthie,Formidable Vampire,Scott Duthie,
vampire,richard_madenfort,Vampire,Richard Madenfort,
slayerette,denise_emery,Slayerette,Denise Emery,
lab_tech,michael_r_bowman,Lab Tech,Michael R Bowman,
high_school_student,stephen_silberkraus,High School Student,Stephen Silberkraus,
bank_customer,pamela_buck,Bank Customer,Pamela Buck,
bouncer,jeff_pruitt,Bouncer,Jeff Pruitt,
vampire,michael_worth,Vampire,Michael Worth,
herself,angie_hart,Herself,Angie Hart,
bassist,carla_betz,Bassist,Carla Betz,
student_1,darianne_galden,Student #1,Darianne Galden,
henchman,lancel_reyes,Henchman,Lancel Reyes,
graduation_student,gloria_koehn_straube,Graduation Student,Gloria Koehn Straube,
avilas_demon,troy_brenna,Avilas Demon,Troy Brenna,
ally_roads,catherine_petra_villalobos,Ally Roads,Catherine Petra Villalobos,
student,john_w_beach,Student,John W. Beach,
topanga_inbreed_2,john_scalco,Topanga Inbreed #2,John Scalco,
band_member,erika_amato,Band Member,Erika Amato,
band_member,arif,Band Member,Arif,
gennie,twyla_banks,Gennie,Twyla Banks,
student_audience,jim_childs,Student Audience,Jim Childs,
band_member,tony_delocht,Band Member,Tony Delocht,
colin,christopher_doyle,Colin,Christopher Doyle,
vampire_thug,neo_edmund,Vampire Thug,Neo Edmund,
band_member,timo_ellis,Band Member,Timo Ellis,
band_member,rob_grad,Band Member,Rob Grad,
band_member,miho_hatori,Band Member,Miho Hatori,
band_member,yuka_honda,Band Member,Yuka Honda,
trickortreater,julia_jasunas,Trick-or-Treater,Julia Jasunas,
drusillas_sister_of_caligula,anne_keeble,Drusilla's Sister of Caligula,Anne Keeble,
band_member,kevin_keller,Band Member,Kevin Keller,
band_member,sean_lennon,Band Member,Sean Lennon,
vampire,james_lew,Vampire,James Lew,
talent_show_violinist,linda_li,Talent Show Violinist,Linda Li,
band_member,ernie_longoria,Band Member,Ernie Longoria,
mrs_parker,marjorie_lovett,Mrs. Parker,Marjorie Lovett,
band_member,kane_mcgee,Band Member,Kane McGee,
vampire,todd_mcintosh,Vampire,Todd McIntosh,
student,paul_mcmichael,Student,Paul McMichael,
band_member,jeff_mince,Band Member,Jeff Mince,
vampire,michiko_nishiwaki,Vampire,Michiko Nishiwaki,
cheerleader,jeannette_papineau,Cheerleader,Jeannette Papineau,
bar_patron,sharon_pratt,Bar Patron,Sharon Pratt,
band_member,william_riley,Band Member,William Riley,
vampire_2,laura_silverman,Vampire #2,Laura Silverman,
man,kavan_smith,Man,Kavan Smith,
band_member,jeff_stacy,Band Member,Jeff Stacy,
vampire_night_club_extra,joseph_benjamin_stewart,Vampire Night Club Extra,Joseph Benjamin Stewart,
band_member,mike_summers,Band Member,Mike Summers,
band_member,steve_summers,Band Member,Steve Summers,
news_caster,joss_whedon,News Caster,Joss Whedon,https://www.imdb.com/title/tt0118276/characters/nm0923736
vampire_1,brian_j_williams,Vampire #1,Brian J. Williams,
patrice,spice_williamscrosby,Patrice,Spice Williams-Crosby,https://www.imdb.com/title/tt0118276/characters/nm0818454
band_member,dan_wistrom,Band Member,Dan Wistrom,
first_female_victim,kerry_zook,First Female Victim,Kerry Zook,
security_guard_2,kenny_apel,Security Guard #2,Kenny Apel,
himself_band_member,atto_attie,Himself - Band Member,Atto Attie,
waitress,beth_aylward,Waitress,Beth Aylward,
herself_band_member,lisa_rae_black,Herself - Band Member,Lisa Rae Black,
party_guest,heath_castor,Party Guest,Heath Castor,
vamp,sophia_crawford,Vamp,Sophia Crawford,
herself_band_member,cami_elen,Herself - Band Member,Cami Elen,
himself_band_member,bill_ferguson,Himself - Band Member,Bill Ferguson,
himself_band_member,jim_ferguson,Himself - Band Member,Jim Ferguson,
burning_vampire,cindy_folkerson,Burning Vampire,Cindy Folkerson,
prisoner,markeugene_garcia,Prisoner,Mark-Eugene Garcia,
ms_moran,jennifer_hetrick,Ms. Moran,Jennifer Hetrick,
priest,jim_jenkins,Priest,Jim Jenkins,
lagos,gary_kasper,Lagos,Gary Kasper,https://www.imdb.com/title/tt0118276/characters/nm0440723
himself_band_member,steve_mcmanus,Himself - Band Member,Steve McManus,
pizza_guy,rd_price,Pizza Guy,R.D. Price,
vampire,devin_reeve,Vampire,Devin Reeve,
vampire,louis_e_rosas,Vampire,Louis E. Rosas,
victim_in_cage,brian_sampson,Victim in cage,Brian Sampson,
sick_girl_in_hospital,heather_sossaman,Sick Girl in Hospital,Heather Sossaman,
herself_band_member,gerry_sutyak,Herself - Band Member,Gerry Sutyak,
themselves_band,jymm_thomas,Themselves - Band,Jymm Thomas,
himself_band_member,jesse_tobias,Himself - Band Member,Jesse Tobias,
herself_band_member,toni_valenta,Herself - Band Member,Toni Valenta,
himself_band_member,rob_youngberg,Himself - Band Member,Rob Youngberg,
himself_band_member,tony_zajkowski,Himself - Band Member,Tony Zajkowski,
himself_ks_choice,gert_bettens,Himself - K's Choice,Gert Bettens,
herself_ks_choice,sarah_bettens,Herself - K's Choice,Sarah Bettens,
student,adena_bjork,Student,Adena Bjork,
clumsy_student,chris_chauncey,Clumsy student,Chris Chauncey,
workers,mitchell_dean,Workers,Mitchell Dean,
magic_shop_customer,brandon_lee_eberhart,Magic Shop Customer,Brandon Lee Eberhart,
high_school_student,christa_engelskirch,High School Student,Christa Engelskirch,
student,anthony_steven_giordano,Student,Anthony Steven Giordano,
student,andy_hallett,Student,Andy Hallett,
demon,noelle_hannibal,Demon,Noelle Hannibal,
crying_student,hallie_lambert,Crying Student,Hallie Lambert,
lead_singer,bif_naked,Lead Singer,Bif Naked,
student,tanya_raisa,Student,Tanya Raisa,
vampire,marcus_salgado,Vampire,Marcus Salgado,
stoner,jerome_elston_scott,Stoner,Jerome Elston Scott,
movie_goer,marc_vilt,Movie Goer,Marc Vilt,
nun,sandra_von_johnson,Nun,Sandra Von Johnson,
demonic_villain,jay_waddell,Demonic Villain,Jay Waddell,
pianist,christophe_beck,Pianist,Christophe Beck,
woman_in_club,annie_coffey,Woman in Club,Annie Coffey,
random_student,juan_guerra,Random Student,Juan Guerra,
superstar_demon,zach_hudson,Superstar Demon,Zach Hudson,
agent_goodman,christopher_leps,Agent Goodman,Christopher Leps,
dancer,suzanne_mackay,Dancer,Suzanne Mackay,
themselves,royal_crown_revue,Themselves,Royal Crown Revue,
vampire_4,nancy_young,Vampire #4,Nancy Young,
pallbearer,matthew_r_anderson,Pallbearer,Matthew R. Anderson,
child_vampire,blaize_andres,Child Vampire,Blaize Andres,
council_woman_1,jessica_biscardi,Council Woman #1,Jessica Biscardi,
viking_warrior,jackson_bolt,Viking Warrior,Jackson Bolt,
michelle_branch,michelle_branch,Michelle Branch,Michelle Branch,
prof_bellamy,marcia_ann_burrs,Prof. Bellamy,Marcia Ann Burrs,
dancer,randi_cee,Dancer,Randi Cee,
demon_1,bryan_friday,Demon #1,Bryan Friday,
bronze_patron,ben_hisoler,Bronze Patron,Ben Hisoler,
halo_friendlies,judita,Halo Friendlies,Judita,
minion,aaron_miller,Minion,Aaron Miller,
halo_friendlies,natalie,Halo Friendlies,Natalie,
doctor,pat_skipper,Doctor,Pat Skipper,
vampire,christian_vincent,Vampire,Christian Vincent,
guitarist,judita_wignall,Guitarist,Judita Wignall,
themselves,the_breeders,Themselves,The Breeders,
police_officer,john_colella,Police Officer,John Colella,
the_breeders,kelley_deal,The Breeders,Kelley Deal,
the_breeders,kim_deal,The Breeders,Kim Deal,
frank_sidekick_1,dean_grimes,Frank Sidekick #1,Dean Grimes,
training_video_narrator,bob_harris,Training Video Narrator,Bob Harris,
cafe_guitarist,ciaran_hope,Cafe Guitarist,Ciaran Hope,
airline_passenger,chris_johns,Airline Passenger,Chris Johns,
the_breeders,mando_lopez,The Breeders,Mando Lopez,
singer,aimee_mann,Singer,Aimee Mann,https://www.imdb.com/title/tt0118276/characters/nm0005181
cute_boy,mitch_morris,Cute Boy,Mitch Morris,
the_breeders,richard_presley_jr,The Breeders,Richard Presley Jr.,
flamingfists_warrior,tanoai_reed,Flaming-Fists Warrior,Tanoai Reed,
wedding_orchestra_conductor,george_sarah,Wedding Orchestra Conductor,George Sarah,
student,mark_weathers,Student,Mark Weathers,
demon,alex_baik,Demon,Alex Baik,
torg,josh_braaten,Torg,Josh Braaten,
captured_bringer,bruno_gunn,Captured Bringer,Bruno Gunn,
fighting_potential,miranda_kwok,Fighting Potential,Miranda Kwok,
potential_slayer,ana_maria_lagasca,Potential Slayer,Ana Maria Lagasca,
creaig_fong,chi_muoi_lo,Creaig Fong,Chi Muoi Lo,
potential_slayer,anna_lauren_long,Potential Slayer,Anna Lauren Long,
potential_slayer,jennifer_lutheran,Potential Slayer,Jennifer Lutheran,
potential,julia_morizawa,Potential,Julia Morizawa,
bringer,carl_anthony_nespoli,Bringer,Carl Anthony Nespoli,
potential,sonni_paisley,Potential,Sonni Paisley,
ubervamp_1,david_redding,Uber-Vamp #1,David Redding,
vampire,thom_williams,Vampire,Thom Williams,
