dwight_schrute,rainn_wilson,Dwight Schrute,Rainn Wilson,https://www.imdb.com/title/tt0386676/characters/nm0933988
jim_halpert,john_krasinski,Jim Halpert,John Krasinski,https://www.imdb.com/title/tt0386676/characters/nm1024677
pam_beesly,jenna_fischer,Pam Beesly,Jenna Fischer,https://www.imdb.com/title/tt0386676/characters/nm0278979
stanley_hudson,leslie_david_baker,Stanley Hudson,Leslie David Baker,https://www.imdb.com/title/tt0386676/characters/nm1534715
kevin_malone,brian_baumgartner,Kevin Malone,Brian Baumgartner,https://www.imdb.com/title/tt0386676/characters/nm1580911
angela_martin,angela_kinsey,Angela Martin,Angela Kinsey,https://www.imdb.com/title/tt0386676/characters/nm1526554
phyllis_vance,phyllis_smith,Phyllis Vance,Phyllis Smith,https://www.imdb.com/title/tt0386676/characters/nm0809613
meredith_palmer,kate_flannery,Meredith Palmer,Kate Flannery,https://www.imdb.com/title/tt0386676/characters/nm0281212
creed_bratton,creed_bratton,Creed Bratton,Creed Bratton,https://www.imdb.com/title/tt0386676/characters/nm0105588
oscar_martinez,oscar_nunez,Oscar Martinez,Oscar Nuñez,https://www.imdb.com/title/tt0386676/characters/nm1386645
ryan_howard,bj_novak,Ryan Howard,B.J. Novak,https://www.imdb.com/title/tt0386676/characters/nm1145983
kelly_kapoor,mindy_kaling,Kelly Kapoor,Mindy Kaling,https://www.imdb.com/title/tt0386676/characters/nm1411676
andy_bernard,ed_helms,Andy Bernard,Ed Helms,https://www.imdb.com/title/tt0386676/characters/nm1159180
toby_flenderson,paul_lieberstein,Toby Flenderson,Paul Lieberstein,https://www.imdb.com/title/tt0386676/characters/nm0509425
michael_scott,steve_carell,Michael Scott,Steve Carell,https://www.imdb.com/title/tt0386676/characters/nm0136797
darryl_philbin,craig_robinson,Darryl Philbin,Craig Robinson,https://www.imdb.com/title/tt0386676/characters/nm0732497
erin_hannon,ellie_kemper,Erin Hannon,Ellie Kemper,https://www.imdb.com/title/tt0386676/characters/nm2608689
gabe_lewis,zach_woods,Gabe Lewis,Zach Woods,https://www.imdb.com/title/tt0386676/characters/nm2046855
jan_levinson,melora_hardin,Jan Levinson,Melora Hardin,https://www.imdb.com/title/tt0386676/characters/nm0002124
david_wallace,andy_buckley,David Wallace,Andy Buckley,https://www.imdb.com/title/tt0386676/characters/nm2952467
nellie_bertram,catherine_tate,Nellie Bertram,Catherine Tate,https://www.imdb.com/title/tt0386676/characters/nm0851113
roy_anderson,david_denman,Roy Anderson,David Denman,https://www.imdb.com/title/tt0386676/characters/nm0219292
karen_filippelli,rashida_jones,Karen Filippelli,Rashida Jones,https://www.imdb.com/title/tt0386676/characters/nm0429069
robert_california,james_spader,Robert California,James Spader,https://www.imdb.com/title/tt0386676/characters/nm0000652
bob_vance,robert_r_shafer,Bob Vance,Robert R. Shafer,https://www.imdb.com/title/tt0386676/characters/nm0769793
hank,hugh_dane,Hank,Hugh Dane,
pete_miller,jake_lacy,Pete Miller,Jake Lacy,https://www.imdb.com/title/tt0386676/characters/nm3821405
clark,clark_duke,Clark,Clark Duke,https://www.imdb.com/title/tt0386676/characters/nm0241173
nate,mark_proksch,Nate,Mark Proksch,https://www.imdb.com/title/tt0386676/characters/nm1515989
holly_flax,amy_ryan,Holly Flax,Amy Ryan,https://www.imdb.com/title/tt0386676/characters/nm0752407
todd_packer,david_koechner,Todd Packer,David Koechner,https://www.imdb.com/title/tt0386676/characters/nm0462712
calvin,calvin_tenner,Calvin,Calvin Tenner,https://www.imdb.com/title/tt0386676/characters/nm3573958
val,ameenah_kaplan,Val,Ameenah Kaplan,https://www.imdb.com/title/tt0386676/characters/nm0438188
state_senator_rob_lipton,jack_coleman,State Senator Rob Lipton,Jack Coleman,https://www.imdb.com/title/tt0386676/characters/nm0171059
mose,michael_schur,Mose,Michael Schur,https://www.imdb.com/title/tt0386676/characters/nm1321658
cathy_simms,lindsey_broad,Cathy Simms,Lindsey Broad,https://www.imdb.com/title/tt0386676/characters/nm2365442
helene,linda_purl,Helene,Linda Purl,https://www.imdb.com/title/tt0386676/characters/nm0700909
jo_bennett,kathy_bates,Jo Bennett,Kathy Bates,https://www.imdb.com/title/tt0386676/characters/nm0000870
hidetoshi_hasagawa,hidetoshi_imura,Hidetoshi Hasagawa,Hidetoshi Imura,
josh_porter,charles_esten,Josh Porter,Charles Esten,https://www.imdb.com/title/tt0386676/characters/nm0261595
charles_miner,idris_elba,Charles Miner,Idris Elba,https://www.imdb.com/title/tt0386676/characters/nm0252961
carol_stills,nancy_carell,Carol Stills,Nancy Carell,https://www.imdb.com/title/tt0386676/characters/nm0909391
madge,karly_rothenberg,Madge,Karly Rothenberg,
justin_spitzer,stephen_saux,Justin Spitzer,Stephen Saux,
hannah_smotridgebarr,ursula_burton,Hannah Smotridge-Barr,Ursula Burton,
colin_athlead_employee,sam_richardson,Colin, Athlead Employee,Sam Richardson,
brian,chris_diamantopoulos,Brian,Chris Diamantopoulos,https://www.imdb.com/title/tt0386676/characters/nm0224565
donna,amy_pietz,Donna,Amy Pietz,https://www.imdb.com/title/tt0386676/characters/nm0682970
nick,nelson_franklin,Nick,Nelson Franklin,
gino,lee_eisenberg,Gino,Lee Eisenberg,
esther,nora_kirkpatrick,Esther,Nora Kirkpatrick,https://www.imdb.com/title/tt0386676/characters/nm1617744
teri_hudson,joanne_carlsen,Teri Hudson,Joanne Carlsen,https://www.imdb.com/title/tt0386676/characters/nm2474211
cecelia_halpert,sienna_paige_strull,Cecelia Halpert,Sienna Paige Strull,https://www.imdb.com/title/tt0386676/characters/nm4879878
billy_merchant,marcus_a_york,Billy Merchant,Marcus A. York,
deangelo_vickers,will_ferrell,Deangelo Vickers,Will Ferrell,https://www.imdb.com/title/tt0386676/characters/nm0002071
gil,tom_chick,Gil,Tom Chick,
stephanie,suzanne_watson,Stephanie,Suzanne Watson,
mr_beesly,rick_overton,Mr. Beesly,Rick Overton,
jessica,eleanor_seigler,Jessica,Eleanor Seigler,https://www.imdb.com/title/tt0386676/characters/nm1494220
leo,gene_stupnitsky,Leo,Gene Stupnitsky,
athlead_employee,adam_lustick,Athlead Employee,Adam Lustick,https://www.imdb.com/title/tt0386676/characters/nm3713920
rolf,james_urbaniak,Rolf,James Urbaniak,https://www.imdb.com/title/tt0386676/characters/nm0881672
isaac,ben_silverman,Isaac,Ben Silverman,
cecelia_halpert,bailey_kate_strull,Cecelia Halpert,Bailey Kate Strull,
the_minister,michael_tuba_heatherton,The Minister,Michael Tuba Heatherton,
lynn,lisa_k_wyatt,Lynn,Lisa K. Wyatt,
isabel_poreba,kelen_coleman,Isabel Poreba,Kelen Coleman,
troy_undercook,noel_petok,Troy Undercook,Noel Petok,https://www.imdb.com/title/tt0386676/characters/nm2083421
cynthia,algerita_wynn,Cynthia,Algerita Wynn,
stacy,trish_gates,Stacy,Trish Gates,
devon_white,devon_abner,Devon White,Devon Abner,
katy,amy_adams,Katy,Amy Adams,https://www.imdb.com/title/tt0386676/characters/nm0010736
lonny,patrice_oneal,Lonny,Patrice O'Neal,
a_j,rob_huebel,A. J.,Rob Huebel,https://www.imdb.com/title/tt0386676/characters/nm1097364
matt,sam_daly,Matt,Sam Daly,
dan_gore,dan_cole,Dan Gore,Dan Cole,
hunter,nicholas_dagosto,Hunter,Nicholas D'Agosto,
kenny_anderson,michael_patrick_mcgill,Kenny Anderson,Michael Patrick McGill,
jordan_garfield,cody_horn,Jordan Garfield,Cody Horn,
tony_gardner,mike_bruner,Tony Gardner,Mike Bruner,https://www.imdb.com/title/tt0386676/characters/nm0116151
irene,georgia_engel,Irene,Georgia Engel,https://www.imdb.com/title/tt0386676/characters/nm0257077
jake_palmer,spencer_daniels,Jake Palmer,Spencer Daniels,https://www.imdb.com/title/tt0386676/characters/nm1638022
zeke,matt_jones,Zeke,Matt Jones,https://www.imdb.com/title/tt0386676/characters/nm2804503
sasha_flenderson,delaney_ruth_farrell,Sasha Flenderson,Delaney Ruth Farrell,https://www.imdb.com/title/tt0386676/characters/nm2185606
elizabeth_the_stripper,jackie_debatin,Elizabeth the Stripper,Jackie Debatin,
gerald_halpert,robert_pine,Gerald Halpert,Robert Pine,
jada,taylar_hollomon,Jada,Taylar Hollomon,https://www.imdb.com/title/tt0386676/characters/nm4229886
ravi,sendhil_ramamurthy,Ravi,Sendhil Ramamurthy,https://www.imdb.com/title/tt0386676/characters/nm0707983
kendall,john_hartmann,Kendall,John Hartmann,
betsy_halpert,perry_smith,Betsy Halpert,Perry Smith,
sensei_ira,lance_krall,Sensei Ira,Lance Krall,
mr_brown,larry_wilmore,Mr. Brown,Larry Wilmore,
rebecca_prince,emily_evan_rae,Rebecca Prince,Emily Evan Rae,
headquarter_receptionist,vivianne_collins,Headquarter Receptionist,Vivianne Collins,
rolando,adam_jamal_craig,Rolando,Adam Jamal Craig,
josie,sarah_baker,Josie,Sarah Baker,
martin,wayne_wilderson,Martin,Wayne Wilderson,
dwights_babysitter,beth_grant,Dwight's Babysitter,Beth Grant,
trevor,chris_gethard,Trevor,Chris Gethard,https://www.imdb.com/title/tt0386676/characters/nm1589811
vikram,ranjit_chowdhry,Vikram,Ranjit Chowdhry,
alex,rich_sommer,Alex,Rich Sommer,
carla_fern,roseanne_barr,Carla Fern,Roseanne Barr,https://www.imdb.com/title/tt0386676/characters/nm0001683
pete_halpert,tug_coker,Pete Halpert,Tug Coker,
danny_cordray,timothy_olyphant,Danny Cordray,Timothy Olyphant,https://www.imdb.com/title/tt0386676/characters/nm0648249
walter_bernard_jr,josh_groban,Walter Bernard, Jr.,Josh Groban,
ny_corporate_employee,jennifer_ann_burton,NY Corporate Employee,Jennifer Ann Burton,
darryls_sister,jahmilla_jackson,Darryl's Sister,Jahmilla Jackson,
gideon,michael_daniel_cassady,Gideon,Michael Daniel Cassady,
ronni,dale_raoul,Ronni,Dale Raoul,
shelby_thomas_weems,phil_abrams,Shelby Thomas Weems,Phil Abrams,
tom_halpert,blake_robbins,Tom Halpert,Blake Robbins,
hospital_employee,keeshan_giles,Hospital Employee,Keeshan Giles,
mr_bruegger,allan_havey,Mr. Bruegger,Allan Havey,
young_michael_scott,jake_kalender,Young Michael Scott,Jake Kalender,
blonde_kid,alec_gray,Blonde Kid,Alec Gray,
eightyearold_kid,owen_daniels,Eight-Year-Old Kid,Owen Daniels,
aunt_shirley,mary_gillis,Aunt Shirley,Mary Gillis,
wesley_silver,fred_cross,Wesley Silver,Fred Cross,
rachel_wallace,jean_villepique,Rachel Wallace,Jean Villepique,
sadiq,omi_vaidya,Sadiq,Omi Vaidya,https://www.imdb.com/title/tt0386676/characters/nm1437925
sylvia,peggy_stewart,Sylvia,Peggy Stewart,
brandon,jerry_minor,Brandon,Jerry Minor,
gabor,eric_wareheim,Gabor,Eric Wareheim,
melissa_hudson,jazz_raycole,Melissa Hudson,Jazz Raycole,https://www.imdb.com/title/tt0386676/characters/nm0226934
receptionist,katherine_flynn,Receptionist,Katherine Flynn,
megan,elvy_yost,Megan,Elvy Yost,
penny_beesly,anna_camp,Penny Beesly,Anna Camp,
cameron,blake_garrett_rosenthal,Cameron,Blake Garrett Rosenthal,https://www.imdb.com/title/tt0386676/characters/nm3905909
onair_reporter,tina_huang,On-Air Reporter,Tina Huang,
russell,daniel_amerman,Russell,Daniel Amerman,
announcer,lori_murphy_saux,Announcer,Lori Murphy Saux,
bertha,kelly_daly,Bertha,Kelly Daly,
edna,kamala_jones,Edna,Kamala Jones,
albany_employee,jon_morgan_woodward,Albany Employee,Jon Morgan Woodward,
andys_competition,sean_l_malin,Andy's Competition,Sean L. Malin,
christian,tim_meadows,Christian,Tim Meadows,https://www.imdb.com/title/tt0386676/characters/nm0005218
ed_truck,ken_howard,Ed Truck,Ken Howard,https://www.imdb.com/title/tt0386676/characters/nm0397432
travel_agent,charlie_hartsock,Travel Agent,Charlie Hartsock,
jerry,matt_decaro,Jerry,Matt DeCaro,
office_worker,henriette_mantel,Office Worker,Henriette Mantel,
office_worker,mike_mccaul,Office Worker,Mike McCaul,
the_photographer,scott_adsit,The Photographer,Scott Adsit,
linda,marilyn_brett,Linda,Marilyn Brett,https://www.imdb.com/title/tt0386676/characters/nm0107962
master_of_ceremonies,ben_carroll,Master of Ceremonies,Ben Carroll,
chris,michael_naughton,Chris,Michael Naughton,
jerome_bettis,jerome_bettis,Jerome Bettis,Jerome Bettis,https://www.imdb.com/title/tt0386676/characters/nm1291167
the_doctor,david_doty,The Doctor,David Doty,
captain_jack,rob_riggle,Captain Jack,Rob Riggle,https://www.imdb.com/title/tt0386676/characters/nm1443527
glove_girl,katie_aselton,Glove Girl,Katie Aselton,
bill,john_harrington_bland,Bill,John Harrington Bland,
steve,jonathan_browning,Steve,Jonathan Browning,
exiting_coworker,lauren_rissman,Exiting Co-Worker,Lauren Rissman,
craig,craig_anton,Craig,Craig Anton,
delivery_woman,susan_foley,Delivery Woman,Susan Foley,
salesman,rob_brownstein,Salesman,Rob Brownstein,
michaels_neighbor,greg_daniels,Michael's neighbor,Greg Daniels,
dana,lindsey_stoddart,Dana,Lindsey Stoddart,
brenda,brenda_withers,Brenda,Brenda Withers,https://www.imdb.com/title/tt0386676/characters/nm2206950
margaret,brooke_dillman,Margaret,Brooke Dillman,
mr_schofield,bob_gebert,Mr. Schofield,Bob Gebert,
grotti,mike_starr,Grotti,Mike Starr,
heinrich,tom_bower,Heinrich,Tom Bower,
julius_erving,julius_erving,Julius Erving,Julius Erving,https://www.imdb.com/title/tt0386676/characters/nm0259973
pams_mom,shannon_cochran,Pam's Mom,Shannon Cochran,
chilis_hostess,allyson_everitt,Chili's Hostess,Allyson Everitt,
lion_trickortreater,george_gaus,Lion Trick-or-Treater,George Gaus,
bill,ken_jeong,Bill,Ken Jeong,https://www.imdb.com/title/tt0386676/characters/nm0421822
frat_guy,matt_mckane,Frat Guy,Matt McKane,
alan,robert_bagnell,Alan,Robert Bagnell,
edward_r_meow,kevin_carlson,Edward R. Meow,Kevin Carlson,
the_technician,julia_prudhomme,The Technician,Julia Prud'homme,
adman,kyle_bornheimer,Adman,Kyle Bornheimer,
paris,yvette_nicole_brown,Paris,Yvette Nicole Brown,
barbara_allen,lisa_darr,Barbara Allen,Lisa Darr,
dwight_and_jims_customer,gil_glasgow,Dwight and Jim's Customer,Gil Glasgow,
mennonite_priest,potsch_boyd,Mennonite Priest,Potsch Boyd,https://www.imdb.com/title/tt0386676/characters/nm1206123
young_club_girl,kelsea_button,Young Club girl,Kelsea Button,
admitting_nurse,kelly_cantleykashima,Admitting Nurse,Kelly Cantley-Kashima,
concierge_marie,wendi_mclendoncovey,Concierge Marie,Wendi McLendon-Covey,
phil_maguire,phil_reeves,Phil Maguire,Phil Reeves,
son,tucker_albrizzi,Son,Tucker Albrizzi,
roger_prince_jr,dan_bakkedahl,Roger Prince, Jr.,Dan Bakkedahl,
derrick,kwame_boateng,Derrick,Kwame Boateng,https://www.imdb.com/title/tt0386676/characters/nm2501006
chris_okeefe,chris_ellis,Chris O'Keefe,Chris Ellis,
nashua_guy,michael_mccartney,Nashua Guy,Michael McCartney,
fannie,majandra_delfino,Fannie,Majandra Delfino,https://www.imdb.com/title/tt0386676/characters/nm0004868
sam_stone_sr,ed_lauter,Sam Stone, Sr.,Ed Lauter,https://www.imdb.com/title/tt0386676/characters/nm0491590
fairy_princess_trickortreater,annabelle_kopack,Fairy Princess Trick-or-Treater,Annabelle Kopack,
marks_girlfriend,nikki_mccauley,Mark's Girlfriend,Nikki McCauley,
frat_guy,beau_wirick,Frat Guy,Beau Wirick,
abby,haley_daniels,Abby,Haley Daniels,https://www.imdb.com/title/tt0386676/characters/nm3716635
pretzel_vendor,thomas_f_evans,Pretzel Vendor,Thomas F. Evans,
delivery_boy,justin_meloni,Delivery Boy,Justin Meloni,
evan,matt_price,Evan,Matt Price,
technician,nick_armstrong,Technician,Nick Armstrong,
frisbee_student,nathan_blank,Frisbee Student,Nathan Blank,
ben_franklin,andrew_daly,Ben Franklin,Andrew Daly,https://www.imdb.com/title/tt0386676/characters/nm0198408
robert_dunder,john_ingle,Robert Dunder,John Ingle,
high_school_principal,jim_jansen,High School Principal,Jim Jansen,
woman,charlotte_stewart,Woman,Charlotte Stewart,
bill_kress,terrence_beasor,Bill Kress,Terrence Beasor,
air_force_recruiter,emerson_brooks,Air Force Recruiter,Emerson Brooks,
tall_girl_2,taji_coleman,Tall Girl #2,Taji Coleman,
dad,matthew_craig,Dad,Matthew Craig,
policeman_1,patrick_faucette,Policeman #1,Patrick Faucette,
potential_canadian_client,tony_pasqualini,Potential Canadian Client,Tony Pasqualini,
linda,vanessa_ragland,Linda,Vanessa Ragland,
receptionist,angela_campollasanders,Receptionist,Angela Campolla-Sanders,
roger_prince_sr,dan_desmond,Roger Prince, Sr.,Dan Desmond,
event_security,ransford_doherty,Event Security,Ransford Doherty,
ryans_mom,cindy_drummond,Ryan's Mom,Cindy Drummond,
receptionist,jennifer_hasty,Receptionist,Jennifer Hasty,
mother,rae_latt,Mother,Rae Latt,
rose,robin_lynch,Rose,Robin Lynch,
the_principle,monnae_michaell,The Principle,Monnae Michaell,
mori,kelii_miyata,Mori,Kelii Miyata,
nana,connie_sawyer,Nana,Connie Sawyer,
ty_platt,kurt_scholler,Ty Platt,Kurt Scholler,
julia,erica_tazel,Julia,Erica Tazel,
mr_sylvie,david_grant_wright,Mr. Sylvie,David Grant Wright,
eric_ward,david_costabile,Eric Ward,David Costabile,
tobias,maxwell_glick,Tobias,Maxwell Glick,
justine,erica_vittina_phillips,Justine,Erica Vittina Phillips,
waiter,noah_blake,Waiter,Noah Blake,
broccoli_rob,stephen_colbert,Broccoli Rob,Stephen Colbert,
asian_jim_halpert,randall_park,Asian Jim Halpert,Randall Park,
clay_aiken,clay_aiken,Clay Aiken,Clay Aiken,
sam_stone_jr,will_greenberg,Sam Stone, Jr.,Will Greenberg,https://www.imdb.com/title/tt0386676/characters/nm1435603
limo_driver,jeff_hatch,Limo Driver,Jeff Hatch,
natural_redhead,melinda_chilton,Natural Redhead,Melinda Chilton,
clerk,ryan_martin,Clerk,Ryan Martin,
mark,jeffrey_muller,Mark,Jeffrey Muller,
sherry_trickortreater,ava_nisbet,Sherry Trick-or-Treater,Ava Nisbet,
chillis_manager,christopher_t_wood,Chilli's Manager,Christopher T. Wood,
rupa,tanveer_k_atwal,Rupa,Tanveer K. Atwal,
helmsman,eliza_coleman,Helmsman,Eliza Coleman,
cindy,brittany_ishibashi,Cindy,Brittany Ishibashi,
conventioneer,steve_little,Conventioneer,Steve Little,
store_manager,sara_van_horn,Store Manager,Sara Van Horn,
business_school_student,matthew_brent,Business School Student,Matthew Brent,
al,eric_christie,Al,Eric Christie,
aaron_grandy,kevin_dorff,Aaron Grandy,Kevin Dorff,
phyllis_sister,maile_flanagan,Phyllis' Sister,Maile Flanagan,
koh,tim_kang,Koh,Tim Kang,
diane_kelly,holly_maples,Diane Kelly,Holly Maples,https://www.imdb.com/title/tt0386676/characters/nm0544599
chad_lite,anthony_russell,Chad Lite,Anthony Russell,
julius,leon_simmons,Julius,Leon Simmons,
barista,sean_bury,Barista,Sean Bury,
economy_passenger_phil_shea,danilo_di_julio,Economy Passenger Phil Shea,Danilo Di Julio,
justin_polznik,trevor_einhorn,Justin Polznik,Trevor Einhorn,
tall_girl_1,cassie_fliegel,Tall Girl #1,Cassie Fliegel,https://www.imdb.com/title/tt0386676/characters/nm2460287
policeman_2,michael_harrity,Policeman #2,Michael 'Mick' Harrity,
neighbor,frederik_pohl_iv,Neighbor,Frederik Pohl IV,
student,fredrick_burns,Student,Fredrick Burns,
eric,max_carver,Eric,Max Carver,
woman,dorian_frankel,Woman,Dorian Frankel,
alan_brand,alan_fudge,Alan Brand,Alan Fudge,
russell,patrick_losasso,Russell,Patrick LoSasso,
mark,brian_patrick_mulligan,Mark,Brian Patrick Mulligan,
jessica,alyssa_preston,Jessica,Alyssa Preston,
alice,deborah_puette,Alice,Deborah Puette,
shane,larkin_campbell,Shane,Larkin Campbell,
dale,evan_gaustad,Dale,Evan Gaustad,
sweeney_todd,robert_mammana,Sweeney Todd,Robert Mammana,https://www.imdb.com/title/tt0386676/characters/nm1829878
julie,laurie_okin,Julie,Laurie Okin,https://www.imdb.com/title/tt0386676/characters/nm0161880
chief_buyer_steve_nash,pete_pastore,Chief Buyer Steve Nash,Pete Pastore,
waiter,aaron_shure,Waiter,Aaron Shure,
store_salesman,eric_zuckerman,Store Salesman,Eric Zuckerman,
fred_henry,will_arnett,Fred Henry,Will Arnett,https://www.imdb.com/title/tt0386676/characters/nm0004715
bookstore_customer,sarah_bastian,Bookstore Customer,Sarah Bastian,
walter_bernard_sr,stephen_collins,Walter Bernard, Sr.,Stephen Collins,
chelseas_mother,robin_dalea,Chelsea's Mother,Robin Daléa,
tattoo_artist,jaime_jorn,Tattoo Artist,Jaime Jorn,
bert_california,david_mazouz,Bert California,David Mazouz,
mrs_california,maura_tierney,Mrs. California,Maura Tierney,https://www.imdb.com/title/tt0386676/characters/nm0005491
wally_amos,wally_amos,Wally Amos,Wally Amos,
harry_jannerone,chris_bauer,Harry Jannerone,Chris Bauer,https://www.imdb.com/title/tt0386676/characters/nm0061777
laura,sara_chase,Laura,Sara Chase,
stephanie,laurel_coppock,Stephanie,Laurel Coppock,
mike,michael_lanahan,Mike,Michael Lanahan,
glenn,brad_morris,Glenn,Brad Morris,
athlead_male_receptionist,rene_gube,Athlead Male Receptionist,Rene Gube,
himself,ryan_howard,Himself,Ryan Howard,
sensei_billy,michael_imperioli,Sensei Billy,Michael Imperioli,https://www.imdb.com/title/tt0386676/characters/nm0408284
jeb_schrute,thomas_middleditch,Jeb Schrute,Thomas Middleditch,https://www.imdb.com/title/tt0386676/characters/nm3042755
mark,bob_odenkirk,Mark,Bob Odenkirk,
omalley,rf_daley,O'Malley,R.F. Daley,https://www.imdb.com/title/tt0386676/characters/nm1010938
dave,reid_gormly,Dave,Reid Gormly,
tequila_man,rodger_arlen,Tequila Man,Rodger Arlen,
ravi,gagandeep_bedi,Ravi,Gagandeep Bedi,
cpu_guy,skyler_caleb,CPU Guy,Skyler Caleb,
josh_hodell,josh_hodell,Josh Hodell,Josh Hodell,
waiter,roscoe_myrick,Waiter,Roscoe Myrick,
underage_girl,hannah_baker,Underage Girl,Hannah Baker,
caterer,scott_damian,Caterer,Scott Damian,
larry_meyers,edward_james_gage,Larry Meyers,Edward James Gage,https://www.imdb.com/title/tt0386676/characters/nm0300803
assistant,virginia_newcomb,Assistant,Virginia Newcomb,
lester_snyder,patrick_oconnor,Lester Snyder,Patrick O'Connor,https://www.imdb.com/title/tt0386676/characters/nm1766149
jamie,shira_scott_astrof,Jamie,Shira Scott Astrof,
richard_corey,warren_sweeney,Richard Corey,Warren Sweeney,
nick_figaro,allan_wasserman,Nick Figaro,Allan Wasserman,
paul_faust,paul_faust,Paul Faust,Paul Faust,
stewardess_beth,deb_hiett,Stewardess Beth,Deb Hiett,
cocktail_waitress,jennifer_peo,Cocktail Waitress,Jennifer Peo,
cop_2,steve_seagren,Cop #2,Steve Seagren,
linda_prince,sharon_blackwood,Linda Prince,Sharon Blackwood,
rhee,tate_hanyok,Rhee,Tate Hanyok,
mikela_lasker,isheba_renee,Mikela Lasker,Isheba Renee,
keena_gifford,amy_weaver,Keena Gifford,Amy Weaver,
vendor,vincent_angelo,Vendor,Vincent Angelo,
lady_at_the_gym,fay_dewitt,Lady at the Gym,Fay DeWitt,
kevins_sister,heather_marie_marsden,Kevin's Sister,Heather Marie Marsden,https://www.imdb.com/title/tt0386676/characters/nm0915574
cathy,melissa_rauch,Cathy,Melissa Rauch,
jerry,joey_slotnick,Jerry,Joey Slotnick,
kim,kaily_smith_westbrook,Kim,Kaily Smith Westbrook,
other_pam,sarah_zimmerman,Other Pam,Sarah Zimmerman,
the_client,dave_anthony,The Client,Dave Anthony,
old_lady,barbara_allyne_bennet,Old Lady,Barbara Allyne Bennet,
interviewee,warren_buffett,Interviewee,Warren Buffett,https://www.imdb.com/title/tt0386676/characters/nm1104789
park_ranger,phil_hawn,Park Ranger,Phil Hawn,
stu,peter_gannon,Stu,Peter Gannon,
the_magician,brett_gelman,The Magician,Brett Gelman,
buyer_of_andys_boat,andrew_santino,Buyer of Andy's boat,Andrew Santino,
erins_biological_father,ed_begley_jr,Erin's Biological Father,Ed Begley Jr.,
frank,brad_william_henke,Frank,Brad William Henke,
athlead_employee,analeis_lorig,Athlead Employee,Analeis Lorig,
mike,andrew_donnelly,Mike,Andrew Donnelly,
marybeth,dee_ryan,Marybeth,Dee Ryan,
amy,kathrien_ahn,Amy,Kathrien Ahn,
flower_delivery_man_1,jason_kessler,Flower Delivery Man #1,Jason Kessler,
telemarketer_wearing_green_sweater,mary_kathleen_gordon,Telemarketer wearing green sweater,Mary Kathleen Gordon,
young_guy,brad_graiff,Young Guy,Brad Graiff,
randy,brian_hatton,Randy,Brian Hatton,
busines_school_student,charles_hirsch,Busines School Student,Charles Hirsch,
amy,janine_poreba,Amy,Janine Poreba,
the_mediator,michael_potter,The Mediator,Michael Potter,
the_bartender,drew_powell,The Bartender,Drew Powell,
woman_in_suit,liz_ross,Woman in Suit,Liz Ross,
kenny,mark_tomesek,Kenny,Mark Tomesek,
dandy_dale,frank_maharajh,Dandy Dale,Frank Maharajh,
student,charlie_mcdermott,Student,Charlie McDermott,
wb_jones,barry_sigismondi,WB Jones,Barry Sigismondi,
cop_1,gary_weeks,Cop #1,Gary Weeks,
hotel_receptionist,michelle_gunn,Hotel Receptionist,Michelle Gunn,
nurse,julie_remala,Nurse,Julie Remala,
cake_delivery_man,charlie_sanders,Cake Delivery Man,Charlie Sanders,
senior_home_resident,eve_sigall,Senior Home Resident,Eve Sigall,
tim_dockery,tom_yi,Tim Dockery,Tom Yi,
reed,sean_davis,Reed,Sean Davis,
flex,david_mate,Flex,David Mate,
mr_barr,bruno_oliver,Mr. Barr,Bruno Oliver,
luke_cooper,evan_peters,Luke Cooper,Evan Peters,
old_man,frank_birney,Old Man,Frank Birney,
the_fingerlakes_guy,jim_carrey,The Fingerlakes Guy,Jim Carrey,https://www.imdb.com/title/tt0386676/characters/nm0000120
restaurant_manager,bill_coelius,Restaurant Manager,Bill Coelius,
gas_station_attendant,eugene_cordero,Gas Station Attendant,Eugene Cordero,
seminar_attendee,janet_hoskins,Seminar Attendee,Janet Hoskins,
amanda_fieldsshad,nancy_lantis,Amanda Fields-Shad,Nancy Lantis,
leader,seamus_mccarthy,Leader,Seamus McCarthy,
ellen_bernard,dee_wallace,Ellen Bernard,Dee Wallace,
rafe,jeff_bee,Rafe,Jeff Bee,
stacy,melissa_bickerton,Stacy,Melissa Bickerton,https://www.imdb.com/title/tt0386676/characters/nm0081031
treble,brandon_borrorchappell,Treble,Brandon Borror-Chappell,
mr_ramish,dan_castellaneta,Mr. Ramish,Dan Castellaneta,
xander,brian_gattas,Xander,Brian Gattas,
molly,carrie_kemper,Molly,Carrie Kemper,
single_mom,tig_notaro,Single Mom,Tig Notaro,
neighbour,alexander_sibaja,Neighbour,Alexander Sibaja,
the_animal_trainer,paul_feig,The Animal Trainer,Paul Feig,https://www.imdb.com/title/tt0386676/characters/nm0082450
nail_salon_manager,amy_hill,Nail Salon Manager,Amy Hill,
wolf,will_mccormack,Wolf,Will McCormack,
mark_mcgrath,mark_mcgrath,Mark McGrath,Mark McGrath,
james_p_albini,dennis_garber,James P. Albini,Dennis Garber,
stephanie,colleen_smith,Stephanie,Colleen Smith,
wali,vali_chandrasekaran,Wali,Vali Chandrasekaran,
merediths_hospital_roommate,takayo_fischer,Meredith's Hospital Roommate,Takayo Fischer,
uncle_al,george_ives,Uncle Al,George Ives,
telemarketer,nick_lashaway,Telemarketer,Nick Lashaway,
delivery_kid,kevin_mchale,Delivery Kid,Kevin McHale,https://www.imdb.com/title/tt0386676/characters/nm2389665
stenographer,valeri_ross,Stenographer,Valeri Ross,
commercial_actor,jeff_witzke,Commercial Actor,Jeff Witzke,
professor,jim_petersmith,Professor,Jim Petersmith,
foppy_mcgee,paul_sass,Foppy McGee,Paul Sass,
michael,lamont_ferrell,Michael,Lamont Ferrell,
erik,jason_rogel,Erik,Jason Rogel,
bowling_alley_manager,jim_woods,Bowling Alley Manager,Jim Woods,
bouncer,americus_abesamis,Bouncer,Americus Abesamis,
orderly_2,nicholas_daly_clark,Orderly #2,Nicholas Daly Clark,
torrie_sullivan,kelly_ebsary,Torrie Sullivan,Kelly Ebsary,
cleaner,boris_kievsky,Cleaner,Boris Kievsky,
joe_the_hot_dog_vendor,cris_dannunzio,Joe The Hot Dog Vendor,Cris D'Annunzio,
pharmacist,rodney_j_hobbs,Pharmacist,Rodney J. Hobbs,
korean_woman_2,kim_kim,Korean Woman #2,Kim Kim,
rory_flenderson,warren_lieberstein,Rory Flenderson,Warren Lieberstein,
bookstore_clerk,martha_middleton,Bookstore Clerk,Martha Middleton,
the_waiter,nicholas_rutherford,The Waiter,Nicholas Rutherford,
caterer,david_britz,Caterer,David Britz,
treble,nick_cafero,Treble,Nick Cafero,
horse_man,myles_cranford,Horse Man,Myles Cranford,
paramedic,ithamar_enriquez,Paramedic,Ithamar Enriquez,https://www.imdb.com/title/tt0386676/characters/nm2439800
philadelphias_trivia_host,dan_gill,Philadelphia's Trivia Host,Dan Gill,
megan,dana_powell,Megan,Dana Powell,
volunteer_for_dogs_care,andrew_secunda,Volunteer for Dogs' Care,Andrew Secunda,
receptionist,aimee_shyn,Receptionist,Aimee Shyn,
doctor,oliver_vaquer,Doctor,Oliver Vaquer,
tractor_salesman,richard_augustine,Tractor Salesman,Richard Augustine,
asian_woman_1,julia_cho,Asian Woman #1,Julia Cho,
erins_biological_mother,joan_cusack,Erin's Biological Mother,Joan Cusack,https://www.imdb.com/title/tt0386676/characters/nm0000349
dennis,ross_mackenzie,Dennis,Ross Mackenzie,
roger,michael_weston,Roger,Michael Weston,
kellys_dad,avu_chokalingam,Kelly's Dad,Avu Chokalingam,
ms_trudy,sue_nelson,Ms. Trudy,Sue Nelson,
panicked_man,rc_ormond,Panicked Man,R.C. Ormond,
craps_dealer,britain_spellings,Craps Dealer,Britain Spellings,
underage_kid_1,michael_kaiser,Underage Kid #1,Michael Kaiser,
nurse,silvia_mcclure,Nurse,Silvia McClure,
professor,sandra_tsing_loh,Professor,Sandra Tsing Loh,
dog_groomer_woman,ashley_walsh,Dog Groomer Woman,Ashley Walsh,
lady_needing_bathroom,porter_kelly,Lady Needing Bathroom,Porter Kelly,
delivery_man,james_o_kerry,Delivery Man,James O. Kerry,
buffalo_branch_employee,brian_stack,Buffalo branch employee,Brian Stack,
lefervre,micah_williams,Lefervre,Micah Williams,
lady_at_bar,sarah_baldwin,Lady at Bar,Sarah Baldwin,
hispanic_boy,oscar_blanco,Hispanic Boy,Oscar Blanco,
usher,barbara_a_fisher,Usher,Barbara A. Fisher,
half_bred,griffin_gluck,Half Bred,Griffin Gluck,
bassist,jonathan_pintoff,Bassist,Jonathan Pintoff,
cellphones_pos_attendant,amy_heidt,Cellphone's POS Attendant,Amy Heidt,
tourist,jonathan_nail,Tourist,Jonathan Nail,
mrs_anderson,donna_bryce,Mrs. Anderson,Donna Bryce,
nurse_ruth,carrie_clifford,Nurse Ruth,Carrie Clifford,
mary_the_cocktail_waitress,kami_koren,Mary the Cocktail Waitress,Kami Koren,
yoga_student,jenny_leonhardt,Yoga Student,Jenny Leonhardt,
stonewall_alliances_trivia_host,dan_levy,Stonewall Alliance's Trivia Host,Dan Levy,
lauren,sue_redman,Lauren,Sue Redman,
herself,trish_suhr,Herself,Trish Suhr,
the_prop_man,joelryan_armamento,The Prop Man,Joel-Ryan Armamento,
mr_romanko,bob_glouberman,Mr. Romanko,Bob Glouberman,
todd,ben_harris,Todd,Ben Harris,
rachael,rachael_harris,Rachael,Rachael Harris,
aaron_rodgers,aaron_rodgers,Aaron Rodgers,Aaron Rodgers,
asian_lady,angela_shin,Asian Lady,Angela Shin,
alice,collette_wolfe,Alice,Collette Wolfe,
ted,keith_valcourt,Ted,Keith Valcourt,
kellys_mom,swati_chokalingam,Kelly's Mom,Swati Chokalingam,
chet_montgomery,damani_roberts,Chet Montgomery,Damani Roberts,
telemarketer,ann_maddox,Telemarketer,Ann Maddox,
bartender,stephen_mitchell,Bartender,Stephen Mitchell,
student,mike_nojun_park,Student,Mike Nojun Park,
albert_lapin,hansford_rowe,Albert Lapin,Hansford Rowe,https://www.imdb.com/title/tt0386676/characters/nm0746525
doctor,justin_spitzer,Doctor,Justin Spitzer,
jans_daughter,molly_burk,Jan's Daughter,Molly Burk,https://www.imdb.com/title/tt0386676/characters/nm4125807
randy,seth_coltan,Randy,Seth Coltan,
henry_saine_,david_kirk_grant,Henry Saine (a.k.a. Conrad),David Kirk Grant,
clark,lee_kirk,Clark,Lee Kirk,
jumpsuit_guy,jesse_mackey,Jumpsuit Guy,Jesse Mackey,
drummer,steve_moore,Drummer,Steve Moore,
merv_bronte,ray_romano,Merv Bronte,Ray Romano,https://www.imdb.com/title/tt0386676/characters/nm0005380
store_owner,alfred_rubin_thompson,Store Owner,Alfred Rubin Thompson,
ernesto,eduardo_antonio_garcia,Ernesto,Eduardo Antonio Garcia,
blogger,robbie_kaller,Blogger,Robbie Kaller,
treble,sean_mcdonald,Treble,Sean McDonald,
bachelorette_party_guest,zabeth_russell,Bachelorette Party Guest,Zabeth Russell,
robert_from_weyerhammer_paper,todd_aaron_brotze,Robert from WeyerHammer Paper,Todd Aaron Brotze,https://www.imdb.com/title/tt0386676/characters/nm2048735
dakota_kevins_replacement,dakota_johnson,Dakota, Kevin's Replacement,Dakota Johnson,
sheila_davis,debra_leigh,Sheila Davis,Debra Leigh,
santigold,santigold,Santigold,Santigold,
bollywood_dancer,varun_gurunath,Bollywood Dancer,Varun Gurunath,
justins_date,annie_sertich,Justin's Date,Annie Sertich,
underage_kid_3,matt_prokop,Underage Kid #3,Matt Prokop,
minister,rick_scarry,Minister,Rick Scarry,
busines_school_student,jeremy_shouldis,Busines School Student,Jeremy Shouldis,
doctor_speaking_through_glass,ken_bernfield,Doctor Speaking through Glass,Ken Bernfield,
felipe,abraham_chaidez,Felipe,Abraham Chaidez,
pirelli,randy_guiaya,Pirelli,Randy Guiaya,
curtis_dorough,robin_swenson,Curtis Dorough,Robin Swenson,
chinese_restaurant_waiter,ben_wang,Chinese Restaurant Waiter,Ben Wang,
treble,charles_miller,Treble,Charles Miller,
kenny,greg_worswick,Kenny,Greg Worswick,
the_photographer,kate_comer,The Photographer,Kate Comer,
casey_dean,jessica_st_clair,Casey Dean,Jessica St. Clair,
bollywood_dancer,siddharth_jain,Bollywood Dancer,Siddharth Jain,
nikki,kulap_vilaysack,Nikki,Kulap Vilaysack,
business_school_student,annie_bravo,Business School Student,Annie Bravo,
photographer,john_f_schaffer,Photographer,John F. Schaffer,
albany_gal,molly_bryant,Albany Gal,Molly Bryant,
irate_shareholder,betty_murphy,Irate Shareholder,Betty Murphy,
johanna,erica_hanrahanball,Johanna,Erica Hanrahan-Ball,https://www.imdb.com/title/tt0386676/characters/nm3304887
assassin,greg_collins,Assassin,Greg Collins,
guitarist_lisa,linda_taylor,Guitarist Lisa,Linda Taylor,
tom,greg_tuculescu,Tom,Greg Tuculescu,
treble,andrew_oshanick,Treble,Andrew O'Shanick,
blogger,matt_selman,Blogger,Matt Selman,
stanleys_replacement,malcolm_barrett,Stanley's Replacement,Malcolm Barrett,
cpl_miller,nico_eversswindell,Cpl. Miller,Nico Evers-Swindell,
the_hrpdc_executive,peter_a_hulne,The HRPDC Executive,Peter A. Hulne,
bollywood_dancer,anita_kapila,Bollywood Dancer,Anita Kapila,
the_chef,chatree_yodvisotsak,The Chef,Chatree 'Chad' Yodvisotsak,
laurie,amy_cale_peterson,Laurie,Amy Cale Peterson,
doug_mcpherson,emil_beheshti,Doug McPherson,Emil Beheshti,
woman_on_park_bench,brady_rubin,Woman on Park Bench,Brady Rubin,
photographer_toni,julie_dove,Photographer Toni,Julie Dove,
treble,thaddeus_john_potter,Treble,Thaddeus John Potter,
blogger,matt_warburton,Blogger,Matt Warburton,
producer,ryan_bailey,Producer,Ryan Bailey,
the_director,john_phillips,The Director,John Phillips,
peter_rowley,mitch_poulos,Peter Rowley,Mitch Poulos,
dipido_smith,stewart_skelton,Dipido Smith,Stewart Skelton,
shawn,abe_spigner,Shawn,Abe Spigner,
tiffany,ananya_kepper,Tiffany,Ananya Kepper,
woman_at_bar,deena_adar,Woman at Bar,Deena Adar,
ships_captain,randy_cordray,Ship's Captain,Randy Cordray,
buffalo_branch_employee,marla_garlin,Buffalo branch employee,Marla Garlin,
line_coordinator,anne_santiago,Line Coordinator,Anne Santiago,
bar_patron,daniel_j_goor,Bar Patron,Daniel J. Goor,
tiffany,caitlin_williams,Tiffany,Caitlin Williams,
gabriella,rachel_crow,Gabriella,Rachel Crow,
bollywood_dancer,nakul_dev_mahajan,Bollywood Dancer,Nakul Dev Mahajan,
flower_girl,charlotte_daniels,Flower Girl,Charlotte Daniels,
angry_shareholder,gregory_schmauss,Angry Shareholder,Gregory Schmauss,
patty_grossman,janell_winkler,Patty Grossman,Janell Winkler,
the_bartender,scot_robinson,The Bartender,Scot Robinson,
neepa,jaysha_patel,Neepa,Jaysha Patel,
guy_wearing_raybans,david_rogers,Guy Wearing Ray-Bans,David Rogers,
male_audience_member,scott_thewes,Male Audience Member,Scott Thewes,
treble,kelly_snow,Treble,Kelly Snow,
bollywood_dancer,sangita_sanyal,Bollywood Dancer,Sangita Sanyal,
sconesy_cider,stephanie_mcvay,Sconesy Cider,Stephanie McVay,
bollywood_dancer,karishma_sawhney,Bollywood Dancer,Karishma Sawhney,
blue_shirted_kid_2,erica_mer,Blue Shirted Kid #2,Erica Mer,
bollywood_dancer,rita_sehmi,Bollywood Dancer,Rita Sehmi,
minister_gail,carolyn_wilson,Minister Gail,Carolyn Wilson,
teenage_food_server,kunal_sharma,Teenage Food Server,Kunal Sharma,
bollywood_dancer,rohan_vora,Bollywood Dancer,Rohan Vora,
fast_food_manager,jamila_webb,Fast Food Manager,Jamila Webb,
filipino_teen,clifford_banagale,Filipino Teen,Clifford Bañagale,
wedding_guest,jennifer_celotta,Wedding Guest,Jennifer Celotta,
pbs_panel_moderator,susanne_daniels,PBS Panel Moderator,Susanne Daniels,
filipino_teen,romel_de_silva,Filipino Teen,Romel De Silva,
halperts_home_purchaser,jay_falk,Halpert's Home Purchaser,Jay Falk,
caterer_greeting_guests,john_gemberling,Caterer Greeting Guests,John Gemberling,
amelie,amelie_gillette,Amelie,Amelie Gillette,
bill_hader,bill_hader,Bill Hader,Bill Hader,
woman_guarding_pbs_swag_at_warehouse,allison_jones,Woman Guarding PBS Swag at Warehouse,Allison Jones,
seth_meyers,seth_meyers,Seth Meyers,Seth Meyers,
frat_boy,jonah_platt,Frat Boy,Jonah Platt,
audience_member,jennie_tan,Audience Member,Jennie Tan,
purchasers_wife,alison_white,Purchaser's Wife,Alison White,
bar_patron,aj_adelman,Bar Patron,A.J. Adelman,
pizza_delivery_guy,steven_cortinas,Pizza Delivery Guy,Steven Cortinas,
cashier,eric_la_barr,Cashier,Eric La Barr,
english_teacher,tom_konkle,English Teacher,Tom Konkle,
pratt_student,christina_de_leon,Pratt Student,Christina de Leon,
beth,bethany_dwyer,Beth,Bethany Dwyer,
pratt_student,stefan_kumor,Pratt Student,Stefan Kumor,
nurse,basilina_butler,Nurse,Basilina Butler,
water_delivery_man,bruno_gunn,Water Delivery Man,Bruno Gunn,
waitress,chealy_jean,Waitress,Chealy Jean,
the_minister,ken_kreps,The Minister,Ken Kreps,https://www.imdb.com/title/tt0386676/characters/nm2592688
hotel_manager,nicholas_shaffer,Hotel Manager,Nicholas Shaffer,
youth_group_member,katy_bodenhamer,Youth Group Member,Katy Bodenhamer,
bartender,will_c,Bartender,Will C.,
youth_group_member,nicholas_costello,Youth Group Member,Nicholas Costello,
pure_bred,donovan_estrada,Pure Bred,Donovan Estrada,
baseball_fan,katie_hodges,Baseball Fan,Katie Hodges,
carla,zoe_jarman,Carla,Zoe Jarman,https://www.imdb.com/title/tt0386676/characters/nm2419994
godmother,renee_riess,Godmother,Renee Riess,
mother_harvest,selah_victor,Mother Harvest,Selah Victor,
bank_manager,ralph_kampshoff,Bank Manager,Ralph Kampshoff,
mike_game_player,michael_blake,Mike - Game Player,Michael Blake,
esthers_sister,wendy_mccolm,Esther's Sister,Wendy McColm,
athlead_office_employee,hudson_phillips,Athlead Office Employee,Hudson Phillips,
nashua_employee,claire_scanlon,Nashua Employee,Claire Scanlon,https://www.imdb.com/title/tt0386676/characters/nm0768957
mole,andrew_ortiz,Mole,Andrew Ortiz,
david_brent,ricky_gervais,David Brent,Ricky Gervais,
dwights_younger_sister,angelina_ganiere,Dwight's Younger Sister,Angelina Ganiere,
phillip_halstead_lipton,ali_louise_hartman,Phillip Halstead Lipton,Ali Louise Hartman,https://www.imdb.com/title/tt0386676/characters/nm5116720
phillip_halstead_lipton,susanne_allan_hartman,Phillip Halstead Lipton,Susanne Allan Hartman,https://www.imdb.com/title/tt0386676/characters/nm5116773
shrute_family_member,cici_leah_campbell,Shrute Family Member,Cici Leah Campbell,
madsen,randall_barnwell,Madsen,Randall Barnwell,
improv_class_student,wyatt_cenac,Improv Class Student,Wyatt Cenac,
fax_machine_guy,john_alton,FAX Machine Guy,John Alton,
partygoer,joey_basu,Partygoer,Joey Basu,
waitress,sunah_bilsted,Waitress,Sunah Bilsted,
emily,kendra_cannoy,Emily,Kendra Cannoy,
fired_stamford_dunder_mifflin_employee,philip_centanni,Fired Stamford Dunder Mifflin Employee,Philip Centanni,
convention_worker,chelsey_crisp,Convention Worker,Chelsey Crisp,
sci_fi_attendee,sean_r_lake,Sci Fi Attendee,Sean R. Lake,
waitress,sherry_landry,Waitress,Sherry Landry,
jocelyn,kayla_mae_maloney,Jocelyn,Kayla Mae Maloney,
bass_player_kevins_garage_band,angelo_middione,Bass Player - Kevins Garage Band,Angelo Middione,
conference_goer,ian_novotny,Conference Goer,Ian Novotny,
conan_obrien,conan_obrien,Conan O'Brien,Conan O'Brien,
hospital_visitor,stephen_pisani,Hospital Visitor,Stephen Pisani,
casino_waitress,kate_quigley,Casino Waitress,Kate Quigley,
waitress,cora_skinner,Waitress,Cora Skinner,
dealer,john_h_tobin,Dealer,John H. Tobin,
tina_fey_lookalike,miriam_tolan,Tina Fey Look-a-Like,Miriam Tolan,
conference_goer,randy_vinneau,Conference Goer,Randy Vinneau,
additional,patrick_bradford,Additional,Patrick Bradford,
textbook_business_school_student,david_daskal,Textbook Business School Student,David Daskal,
groomsman,robert_foreman,Groomsman,Robert Foreman,
marcy,susie_geiser,Marcy,Susie Geiser,
upset_bar_patron,gregory_graham,Upset Bar Patron,Gregory Graham,
drake,brian_a_gutierrez,Drake,Brian A. Gutierrez,
bartender,james_m_halty,Bartender,James M. Halty,
cousins_wife,crystal_havens,Cousin's Wife,Crystal Havens,
teacher,laura_jean_leal,Teacher,Laura Jean Leal,
bart_heart_in_second_life,david_l_marston,Bart Heart in Second Life,David L. Marston,
caterer,trevor_anthony_pitzel,Caterer,Trevor Anthony Pitzel,
underage_kid_2,austin_michael_scott,Underage Kid #2,Austin Michael Scott,
sex_shop_clerk,kara_elizabeth_silva,Sex Shop Clerk,Kara Elizabeth Silva,
dennis,cooper_thornton,Dennis,Cooper Thornton,
bridesmaid,linda_weinrib,Bridesmaid,Linda Weinrib,
gps,lynnanne_zager,GPS,Lynnanne Zager,
party_girl,alina_andrei,Party Girl,Alina Andrei,
airplane_passenger,darren_bailey,Airplane Passenger,Darren Bailey,
airport_passenger,michael_patrick_breen,Airport Passenger,Michael Patrick Breen,
dog_groomers_guy,travis_samuel_clark,Dog Groomer's Guy,Travis Samuel Clark,
deborah_shoshlefski,april_eden,Deborah Shoshlefski,April Eden,
law_intern,brett_gipson,Law Intern,Brett Gipson,
basketball_girl,lynsey_nicole_harris,Basketball Girl,Lynsey Nicole Harris,
student,andrea_kelley,Student,Andrea Kelley,
airplane_passenger,la_landgraf,Airplane Passenger,L.A. Landgraf,
wendys_employee,keili_lefkovitz,Wendy's employee,Keili Lefkovitz,
brett_bailey,blaise_godbe_lipman,Brett Bailey,Blaise Godbe Lipman,
creative_impulse_vendor,kimberly_manion,Creative Impulse Vendor,Kimberly Manion,
michaels_mom,june_squibb,Michael's Mom,June Squibb,
pratt_art_student,jobeth_wagner,Pratt Art Student,Jobeth Wagner,
dwights_ignored_customer,steve_zissis,Dwight's Ignored Customer,Steve Zissis,
blazer,dante_acosta,Blazer,Dante Acosta,
sophie,jessica_alba,Sophie,Jessica Alba,
game_player_at_picnic,jennifer_andreacola,Game Player at Picnic,Jennifer Andreacola,
rochester_volleyball_player_2,michael_august,Rochester Volleyball Player #2,Michael August,
nashua_employee,seth_bailey,Nashua Employee,Seth Bailey,
waitress,natalie_bain,Waitress,Natalie Bain,
sam,jack_black,Sam,Jack Black,
here_comes_treble_singer,eric_bradley,Here Comes Treble Singer,Eric Bradley,
bridesmaid,julie_david,Bridesmaid,Julie David,
wedding_guest,rick_l_dean,Wedding Guest,Rick L. Dean,
shareholder,bonita_dorssom,Shareholder,Bonita Dorssom,
grillmaster,kimberly_douglas,Grillmaster,Kimberly Douglas,
cindy_halpert,sandra_l_feeley,Cindy Halpert,Sandra L. Feeley,
boy_at_picnic,tommy_gerrits,Boy at Picnic,Tommy Gerrits,
presentation_attendee,geoffrey_gould,Presentation Attendee,Geoffrey Gould,https://www.imdb.com/title/tt0386676/characters/nm0332380
scranton_basketball_boy,timothy_michael_gould,Scranton Basketball Boy,Timothy Michael Gould,
waitstaff_2,melinda_haugh,Waitstaff #2,Melinda Haugh,
dancer,danielle_e_hawkins,Dancer,Danielle E. Hawkins,
groomsman,daniel_hepner,Groomsman,Daniel Hepner,
lily_hanaday,cloris_leachman,Lily Hanaday,Cloris Leachman,https://www.imdb.com/title/tt0386676/characters/nm0001458
chloe,katharine_leonard,Chloe,Katharine Leonard,
sherrie,sherrie_lewandowski,Sherrie,Sherrie Lewandowski,
warehouse_guy,james_mcmann,Warehouse Guy,James McMann,
waitstaff_1,kristin_mellian,Waitstaff #1,Kristin Mellian,
dancer,chris_moss,Dancer,Chris Moss,
shareholder,alan_mueting,Shareholder,Alan Mueting,
shareholder,erin_pickett,Shareholder,Erin Pickett,
scranton_family_member,susan_pinckney,Scranton Family Member,Susan Pinckney,
bartender,aaron_pushkar,Bartender,Aaron Pushkar,
dwights_teammate,kristin_quick,Dwight's Teammate,Kristin Quick,
boy_at_table,jake_radaker,Boy at Table,Jake Radaker,
corporate_volleyball_player_1,richard_schimmelpfenneg,Corporate Volleyball Player #1,Richard Schimmelpfenneg,
here_comes_treble_singer,fletcher_sheridan,Here Comes Treble Singer,Fletcher Sheridan,
rich_jones,gustin_smith,Rich Jones,Gustin Smith,
jims_niece,summer_malone,Jim's Niece,Summer Malone,
scranton_family_member,kaye_marie_talise,Scranton Family Member,Kaye Marie Talise,
ashley,alexis_teague,Ashley,Alexis Teague,
restaurant_patron,michael_a_templeton,Restaurant Patron,Michael A. Templeton,
penguin,antony_teofilo,Penguin,Antony Teofilo,
shareholder,denise_vasquez,Shareholder,Denise Vasquez,
walker,thomas_michael_ventimiglio,Walker,Thomas Michael Ventimiglio,
florida_cousin,julien_zuccolin,Florida Cousin,Julien Zuccolin,
featured_kid,johnnie_battistessa,Featured Kid,Johnnie Battistessa,
the_storyteller,constance_broge,The Storyteller,Constance Broge,
hospital_receptionist,heather_brooker,Hospital Receptionist,Heather Brooker,
sales_analyst_playing_arcade_game,cole_coleman,Sales Analyst playing arcade game,Cole Coleman,
fake_stanley,kenny_cooper,Fake Stanley,Kenny Cooper,
theater_patron,ward_edmondson,Theater Patron,Ward Edmondson,
country_club_snob,kimberly_evan,Country Club Snob,Kimberly Evan,
stanleys_date,cassie_jordan,Stanley's Date,Cassie Jordan,
olympic_figure_skater,candace_sciarra,Olympic Figure Skater,Candace Sciarra,
jans_assistant,travis_seaborn,Jan's Assistant,Travis Seaborn,
play_patron,jera_sky,Play Patron,Jera Sky,
himself,christian_slater,Himself,Christian Slater,
stanleys_date,kie_spring,Stanley's Date,Kie Spring,
operator_vo,anna_vocino,Operator VO,Anna Vocino,
joe,joe_davis,Joe,Joe Davis,
figure_skater,shannon_mary_dixon,Figure Skater,Shannon Mary Dixon,
1860s_schrute_farm_dandyman,mark_casimir_dyniewicz_jr,1860's Schrute Farm Dandyman,Mark Casimir Dyniewicz Jr.,
dundies_guest,michelle_faraone,Dundies Guest,Michelle Faraone,
karate_student,mark_heidelberger,Karate Student,Mark Heidelberger,
karate_student,lance_patrick,Karate Student,Lance Patrick,
last_supper_tableau,carla_rudy,Last Supper Tableau,Carla Rudy,
valerie,sahlima,Valerie,Sahlima,
paramedic,james_gregory_capps,Paramedic,James Gregory Capps,
lawyer,clint_corley,Lawyer,Clint Corley,
young_mom,heidi_edsall,Young Mom,Heidi Edsall,
donna_muraski,jennifer_hale,Donna Muraski,Jennifer Hale,
trivia_contestant,ben_kacsandi,Trivia Contestant,Ben Kacsandi,
famous_amos_girl,genevieve_levin,Famous Amos Girl,Genevieve Levin,
waiter_2,jake_lucas,Waiter #2,Jake Lucas,
mom,jill_maragos,Mom,Jill Maragos,
bouncer,benjamin_scott_panock,Bouncer,Benjamin Scott Panock,
trivia_player,brandon_slagle,Trivia Player,Brandon Slagle,
hot_yogi,brad_slaughter,Hot Yogi,Brad Slaughter,
office_employee,steven_adkins,Office Employee,Steven Adkins,
audience_member,cindy_buck,Audience Member,Cindy Buck,
cat,bennie_the_cat,Cat,Bennie the Cat,
cat,miss_kitty_the_cat,Cat,Miss Kitty the Cat,
acapella_idol_contestant,cham,Acapella Idol Contestant,Cham,
schrute_kid,brey_chanadet,Schrute Kid,Brey Chanadet,
audience_member,brent_forrester,Audience Member,Brent Forrester,
reporter_1,deonte_gordon,Reporter #1,Deonte Gordon,
audience_member,steve_hely,Audience Member,Steve Hely,
korean_manicurist,monique_kim,Korean Manicurist,Monique Kim,
woman_in_crowd,donna_lazar,Woman in Crowd,Donna Lazar,
cowboy,george_thomas_mansel,Cowboy,George Thomas Mansel,
schrute_cousin,spencer_john_olson,Schrute Cousin,Spencer John Olson,
bartender,mark_parrish,Bartender,Mark Parrish,
concerned_panel_fan,michael_rosinsky,Concerned Panel Fan,Michael Rosinsky,
audience_member,allison_silverman,Audience Member,Allison Silverman,
documentary_crew_member,matt_sohn,Documentary Crew Member,Matt Sohn,
audience_member,dan_sterling,Audience Member,Dan Sterling,
simon,robert_stilwell,Simon,Robert Stilwell,
angelas_mom,teena_strube,Angela's Mom,Teena Strube,
auditionee,victor_taylor,Auditionee,Victor Taylor,
kaitlyn,dale_waddington,Kaitlyn,Dale Waddington,
wedding_guest,graham_wagner,Wedding Guest,Graham Wagner,
simon_realty_employee,eric_watson,Simon Realty Employee,Eric Watson,
