hugo_reyes,jorge_garcia,Hugo 'Hurley' Reyes,Jorge Garcia,https://www.imdb.com/title/tt0411008/characters/nm0306201
james_ford,josh_holloway,James 'Sawyer' Ford,Josh Holloway,https://www.imdb.com/title/tt0411008/characters/nm0391326
sunhwa_kwon,yunjin_kim,Sun-Hwa Kwon,Yunjin Kim,https://www.imdb.com/title/tt0411008/characters/nm0453746
kate_austen,evangeline_lilly,Kate Austen,Evangeline Lilly,https://www.imdb.com/title/tt0411008/characters/nm1431940
john_locke,terry_oquinn,John Locke,Terry O'Quinn,https://www.imdb.com/title/tt0411008/characters/nm0642368
sayid_jarrah,naveen_andrews,Sayid Jarrah,Naveen Andrews,https://www.imdb.com/title/tt0411008/characters/nm0004710
dr_jack_shephard,matthew_fox,Dr. Jack Shephard,Matthew Fox,https://www.imdb.com/title/tt0411008/characters/nm0289142
jinsoo_kwon,daniel_dae_kim,Jin-Soo Kwon,Daniel Dae Kim,https://www.imdb.com/title/tt0411008/characters/nm0196654
claire_littleton,emilie_de_ravin,Claire Littleton,Emilie de Ravin,https://www.imdb.com/title/tt0411008/characters/nm0211087
ben_linus,michael_emerson,Ben Linus,Michael Emerson,https://www.imdb.com/title/tt0411008/characters/nm0256237
desmond_hume,henry_ian_cusick,Desmond Hume,Henry Ian Cusick,https://www.imdb.com/title/tt0411008/characters/nm0193738
charlie_pace,dominic_monaghan,Charlie Pace,Dominic Monaghan,https://www.imdb.com/title/tt0411008/characters/nm0597480
michael_dawson,harold_perrineau,Michael Dawson,Harold Perrineau,https://www.imdb.com/title/tt0411008/characters/nm0674782
dr_juliet_burke,elizabeth_mitchell,Dr. Juliet Burke,Elizabeth Mitchell,https://www.imdb.com/title/tt0411008/characters/nm0593310
miles_straume,ken_leung,Miles Straume,Ken Leung,https://www.imdb.com/title/tt0411008/characters/nm0504962
richard_alpert,nestor_carbonell,Richard Alpert,Nestor Carbonell,https://www.imdb.com/title/tt0411008/characters/nm0004801
shannon_rutherford,maggie_grace,Shannon Rutherford,Maggie Grace,https://www.imdb.com/title/tt0411008/characters/nm1192254
walt_lloyd,malcolm_david_kelley,Walt Lloyd,Malcolm David Kelley,https://www.imdb.com/title/tt0411008/characters/nm1287636
dr_daniel_faraday,jeremy_davies,Dr. Daniel Faraday,Jeremy Davies,https://www.imdb.com/title/tt0411008/characters/nm0001111
frank_lapidus,jeff_fahey,Frank Lapidus,Jeff Fahey,https://www.imdb.com/title/tt0411008/characters/nm0001194
boone_carlyle,ian_somerhalder,Boone Carlyle,Ian Somerhalder,https://www.imdb.com/title/tt0411008/characters/nm0813812
mr_eko,adewale_akinnuoyeagbaje,Mr. Eko,Adewale Akinnuoye-Agbaje,https://www.imdb.com/title/tt0411008/characters/nm0015382
ana_lucia_cortez,michelle_rodriguez,Ana Lucia Cortez,Michelle Rodriguez,https://www.imdb.com/title/tt0411008/characters/nm0735442
ilana_verdansky,zuleikha_robinson,Ilana Verdansky,Zuleikha Robinson,https://www.imdb.com/title/tt0411008/characters/nm0733196
libby_smith,cynthia_watros,Libby Smith,Cynthia Watros,https://www.imdb.com/title/tt0411008/characters/nm0914475
rose_nadler,l_scott_caldwell,Rose Nadler,L. Scott Caldwell,https://www.imdb.com/title/tt0411008/characters/nm0129749
dr_charlotte_lewis,rebecca_mader,Dr. Charlotte Lewis,Rebecca Mader,https://www.imdb.com/title/tt0411008/characters/nm1242950
bernard_nadler,sam_anderson,Bernard Nadler,Sam Anderson,https://www.imdb.com/title/tt0411008/characters/nm0027402
danielle_rousseau,mira_furlan,Danielle Rousseau,Mira Furlan,https://www.imdb.com/title/tt0411008/characters/nm0001245
tom_friendly,mc_gainey,Tom Friendly,M.C. Gainey,https://www.imdb.com/title/tt0411008/characters/nm0301370
alex_rousseau,tania_raymonde,Alex Rousseau,Tania Raymonde,https://www.imdb.com/title/tt0411008/characters/nm0713389
dr_christian_shephard,john_terry,Dr. Christian Shephard,John Terry,https://www.imdb.com/title/tt0411008/characters/nm0856012
charles_widmore,alan_dale,Charles Widmore,Alan Dale,https://www.imdb.com/title/tt0411008/characters/nm0197638
scott_jackson,dustin_watchman,Scott Jackson,Dustin Watchman,
dr_pierre_chang,francois_chau,Dr. Pierre Chang,François Chau,https://www.imdb.com/title/tt0411008/characters/nm0154236
nikki_fernandez,kiele_sanchez,Nikki Fernandez,Kiele Sanchez,https://www.imdb.com/title/tt0411008/characters/nm0760989
paulo,rodrigo_santoro,Paulo,Rodrigo Santoro,https://www.imdb.com/title/tt0411008/characters/nm0763928
cindy_chandler,kimberley_joseph,Cindy Chandler,Kimberley Joseph,https://www.imdb.com/title/tt0411008/characters/nm0430634
penelope_widmore,sonya_walger,Penelope 'Penny' Widmore,Sonya Walger,https://www.imdb.com/title/tt0411008/characters/nm0907427
noor_abed_jaseem,andrea_gabriel,Noor 'Nadia' Abed Jaseem,Andrea Gabriel,https://www.imdb.com/title/tt0411008/characters/nm1320997
dr_ethan_rom,william_mapother,Dr. Ethan Rom,William Mapother,https://www.imdb.com/title/tt0411008/characters/nm0544611
martin_keamy,kevin_durand,Martin Keamy,Kevin Durand,https://www.imdb.com/title/tt0411008/characters/nm0243806
naomi_dorrit,marsha_thomason,Naomi Dorrit,Marsha Thomason,https://www.imdb.com/title/tt0411008/characters/nm0859720
marshal_edward_mars,fredric_lehne,Marshal Edward Mars,Fredric Lehne,https://www.imdb.com/title/tt0411008/characters/nm0499791
aaron,william_blanchette,Aaron,William Blanchette,https://www.imdb.com/title/tt0411008/characters/nm2918030
karl_martin,blake_bashoff,Karl Martin,Blake Bashoff,https://www.imdb.com/title/tt0411008/characters/nm0003942
steve_jenkins,christian_bowman,Steve Jenkins,Christian Bowman,
phil,patrick_fischler,Phil,Patrick Fischler,https://www.imdb.com/title/tt0411008/characters/nm0279209
dr_leslie_arzt,daniel_roebuck,Dr. Leslie Arzt,Daniel Roebuck,https://www.imdb.com/title/tt0411008/characters/nm0736263
mikhail_bakunin,andrew_divoff,Mikhail Bakunin,Andrew Divoff,
zach,mickey_graue,Zach,Mickey Graue,https://www.imdb.com/title/tt0411008/characters/nm2070947
emma,kiersten_havelock,Emma,Kiersten Havelock,https://www.imdb.com/title/tt0411008/characters/nm2062384
omar_idris,anthony_azizi,Omar Idris,Anthony Azizi,
danny_pickett,michael_bowen,Danny Pickett,Michael Bowen,https://www.imdb.com/title/tt0411008/characters/nm0100889
horace_goodspeed,doug_hutchison,Horace Goodspeed,Doug Hutchison,https://www.imdb.com/title/tt0411008/characters/nm0006535
stuart_radzinsky,eric_lange,Stuart Radzinsky,Eric Lange,https://www.imdb.com/title/tt0411008/characters/nm1441925
jacob,mark_pellegrino,Jacob,Mark Pellegrino,https://www.imdb.com/title/tt0411008/characters/nm0671032
eloise_hawking,fionnula_flanagan,Eloise 'Ellie' Hawking,Fionnula Flanagan,https://www.imdb.com/title/tt0411008/characters/nm0001217
anthony_cooper,kevin_tighe,Anthony Cooper,Kevin Tighe,https://www.imdb.com/title/tt0411008/characters/nm0001798
roger_linus,jon_gries,Roger Linus,Jon Gries,https://www.imdb.com/title/tt0411008/characters/nm0340973
bram,brad_william_henke,Bram,Brad William Henke,https://www.imdb.com/title/tt0411008/characters/nm0377034
carmen_reyes,lillian_hurst,Carmen Reyes,Lillian Hurst,https://www.imdb.com/title/tt0411008/characters/nm0403622
jason,ariston_green,Jason,Ariston Green,
george_minkowski,fisher_stevens,George Minkowski,Fisher Stevens,https://www.imdb.com/title/tt0411008/characters/nm0001770
young_benjamin_linus,sterling_beaumon,Young Benjamin Linus,Sterling Beaumon,https://www.imdb.com/title/tt0411008/characters/nm1869029
diane_janssen,beth_broderick,Diane Janssen,Beth Broderick,
sarah_shephard,julie_bowen,Sarah Shephard,Julie Bowen,https://www.imdb.com/title/tt0411008/characters/nm0100866
zoe,sheila_kelley,Zoe,Sheila Kelley,https://www.imdb.com/title/tt0411008/characters/nm0445992
liam_pace,neil_hopkins,Liam Pace,Neil Hopkins,
randy,billy_ray_gallion,Randy,Billy Ray Gallion,https://www.imdb.com/title/tt0411008/characters/nm0302965
dogen,hiroyuki_sanada,Dogen,Hiroyuki Sanada,https://www.imdb.com/title/tt0411008/characters/nm0760796
cassidy_phillips,kim_dickens,Cassidy Phillips,Kim Dickens,https://www.imdb.com/title/tt0411008/characters/nm0225332
regina,zoe_bell,Regina,Zoë Bell,
goodwin_stanhope,brett_cullen,Goodwin Stanhope,Brett Cullen,https://www.imdb.com/title/tt0411008/characters/nm0191442
woojung_paik,byron_chung,Woo-Jung Paik,Byron Chung,https://www.imdb.com/title/tt0411008/characters/nm0161187
helen_norwood,katey_sagal,Helen Norwood,Katey Sagal,https://www.imdb.com/title/tt0411008/characters/nm0005408
teenage_boy,kenton_duty,Teenage Boy,Kenton Duty,https://www.imdb.com/title/tt0411008/characters/nm2778261
caesar,said_taghmaoui,Caesar,Saïd Taghmaoui,https://www.imdb.com/title/tt0411008/characters/nm0846548
matthew_abaddon,lance_reddick,Matthew Abaddon,Lance Reddick,https://www.imdb.com/title/tt0411008/characters/nm0714698
david_shephard,dylan_minnette,David Shephard,Dylan Minnette,https://www.imdb.com/title/tt0411008/characters/nm1910255
neil_,sean_whalen,Neil 'Frogurt',Sean Whalen,
seamus,frederick_koehler,Seamus,Frederick Koehler,https://www.imdb.com/title/tt0411008/characters/nm0462735
nurse,grisel_toledo,Nurse,Grisel Toledo,
lennon,john_hawkes,Lennon,John Hawkes,https://www.imdb.com/title/tt0411008/characters/nm0370035
flight_attendant_2,jonathan_dixon,Flight Attendant #2,Jonathan Dixon,
flight_attendant_3,michelle_arthur,Flight Attendant #3,Michelle Arthur,
ray,marc_vann,Ray,Marc Vann,
amy_goodspeed,reiko_aylesworth,Amy Goodspeed,Reiko Aylesworth,https://www.imdb.com/title/tt0411008/characters/nm0043855
yemi,adetokumboh_mcormack,Yemi,Adetokumboh M'Cormack,
middleaged_eloise_hawking,alice_evans,Middle-Aged Eloise Hawking,Alice Evans,https://www.imdb.com/title/tt0411008/characters/nm0262521
danielle_rousseau,melissa_farman,Danielle Rousseau,Melissa Farman,https://www.imdb.com/title/tt0411008/characters/nm2957199
jaehyeok_lee,tony_lee,Jae-Hyeok Lee,Tony Lee,https://www.imdb.com/title/tt0411008/characters/nm1312060
margo_shephard,veronica_hamel,Margo Shephard,Veronica Hamel,
captain_gault,grant_bowler,Captain Gault,Grant Bowler,
beatrice_klugh,april_grace,Beatrice 'Bea' Klugh,April Grace,
mrs_paik,june_kyoto_lu,Mrs. Paik,June Kyoto Lu,
carole_littleton,susan_duerden,Carole Littleton,Susan Duerden,
david_reyes,cheech_marin,David Reyes,Cheech Marin,https://www.imdb.com/title/tt0411008/characters/nm0001507
ryan_pryce,brian_goodman,Ryan Pryce,Brian Goodman,
man_in_black,titus_welliver,Man in Black,Titus Welliver,https://www.imdb.com/title/tt0411008/characters/nm0920038
goon,steve_boatright,Goon,Steve Boatright,
luke,joah_buley,Luke,Joah Buley,
lara,leslie_ishii,Lara,Leslie Ishii,
ivan,teddy_wells,Ivan,Teddy Wells,
lottery_official,michael_adamshick,Lottery Official,Michael Adamshick,
old_scooter_man,glenn_cannon,Old Scooter Man,Glenn Cannon,https://www.imdb.com/title/tt0411008/characters/nm0134197
guy_in_car,achilles_gacis,Guy in Car,Achilles Gacis,
lotto_girl,brittany_perrineau,Lotto Girl,Brittany Perrineau,
gate_attendant,mary_ann_taheny,Gate Attendant,Mary Ann Taheny,
cab_driver,david_h_lawrence_xvii,Cab Driver,David H. Lawrence XVII,
seth_norris,greg_grunberg,Seth Norris,Greg Grunberg,https://www.imdb.com/title/tt0411008/characters/nm0342399
robert,guillaume_dabinpons,Robert,Guillaume Dabinpons,https://www.imdb.com/title/tt0411008/characters/nm3191130
richard_malkin,nick_jameson,Richard Malkin,Nick Jameson,
susan_lloyd,tamara_taylor,Susan Lloyd,Tamara Taylor,https://www.imdb.com/title/tt0411008/characters/nm0853231
kelvin_inman,clancy_brown,Kelvin Inman,Clancy Brown,
dr_douglas_brooks,bruce_davison,Dr. Douglas Brooks,Bruce Davison,
mitch,kevin_chapman,Mitch,Kevin Chapman,
captain_teresa_cortez,rachel_ticotin,Captain Teresa Cortez,Rachel Ticotin,
mr_kwon,john_shin,Mr. Kwon,John Shin,
theresa_spencer,sarah_farooqui,Theresa Spencer,Sarah Farooqui,
sgt_sam_austen,lindsey_ginter,Sgt. Sam Austen,Lindsey Ginter,
lynn_karnoff,suzanne_krull,Lynn Karnoff,Suzanne Krull,
leonard,ron_bottitta,Leonard,Ron Bottitta,
lindsey_littleton,gabrielle_fitzpatrick,Lindsey Littleton,Gabrielle Fitzpatrick,
dan_norton,tom_irwin,Dan Norton,Tom Irwin,
jill,mary_mara,Jill,Mary Mara,
montand,marc_menard,Montand,Marc Menard,https://www.imdb.com/title/tt0411008/characters/nm1238295
detective_mike_walton,michael_cudlitz,Detective Mike 'Big Mike' Walton,Michael Cudlitz,
gina,wendy_braun,Gina,Wendy Braun,
middleaged_charles_widmore,david_s_lee,Middle-Aged Charles Widmore,David S. Lee,https://www.imdb.com/title/tt0411008/characters/nm1605085
doctor,geoff_heise,Doctor,Geoff Heise,
emt,katie_doyle,EMT,Katie Doyle,
rachel_carlson,robin_weigert,Rachel Carlson,Robin Weigert,
justin,dayo_ade,Justin,Dayo Ade,https://www.imdb.com/title/tt0411008/characters/nm0011747
husband,matt_moore,Husband,Matt Moore,
grandpa_tito,archie_ahuna,Grandpa Tito,Archie Ahuna,
airport_cop,ruz_rusden,Airport Cop,Ruz Rusden,
aldo,rob_mcelhenney,Aldo,Rob McElhenney,
head_doctor,mark_dillen_stitham,Head Doctor,Mark Dillen Stitham,
jeff,robert_frederick,Jeff,Robert Frederick,
colleen_pickett,paula_malcomson,Colleen Pickett,Paula Malcomson,
young_eko,kolawole_obileye_jr,Young Eko,Kolawole Obileye Jr.,
mrs_dawson,starletta_dupois,Mrs. Dawson,Starletta DuPois,
big_guy,michael_m_vendrell,Big Guy,Michael M. Vendrell,
cunningham,matthew_alan,Cunningham,Matthew Alan,
nurse,julie_ow,Nurse,Julie Ow,
intern,david_ely,Intern,David Ely,
young_charlie,jeremy_shada,Young Charlie,Jeremy Shada,
young_yemi,olekan_obileye,Young Yemi,Olekan Obileye,
lead_soldier,lawrence_terrill,Lead Soldier,Lawrence Terrill,
federal_agent,shawn_lathrop,Federal Agent,Shawn Lathrop,
brennan,bruno_bruni_jr,Brennan,Bruno Bruni Jr.,https://www.imdb.com/title/tt0411008/characters/nm1887816
emt_2,todd_coolidge,EMT #2,Todd Coolidge,
anxious_guy,brad_berryhill,Anxious Guy,Brad Berryhill,
young_liam,zack_shada,Young Liam,Zack Shada,
british_guy,tom_connolly,British Guy,Tom Connolly,https://www.imdb.com/title/tt0411008/characters/nm0175366
paiks_associate,esmond_chung,Paik's Associate,Esmond Chung,
mrs_lee,tomiko_lee,Mrs. Lee,Tomiko Lee,
bonnie,tracy_middendorf,Bonnie,Tracy Middendorf,
admitting_nurse,tania_kahale,Admitting nurse,Tania Kahale,
gus,bill_ogilvie,Gus,Bill Ogilvie,
young_charlie,marvin_defreitas,Young Charlie,Marvin DeFreitas,
greta,lana_parrilla,Greta,Lana Parrilla,
young_charlotte,maya_henssens,Young Charlotte,Maya Henssens,
best_friend,tess_yong,Best Friend,Tess Yong,
foreman,michael_dempsey,Foreman,Michael Dempsey,
crew_member,sven_erik_lindstrom,Crew Member,Sven Erik Lindstrom,
erik,sebastian_siegel,Erik,Sebastian Siegel,
henrik,alex_petrovitch,Henrik,Alex Petrovitch,
paul,christopher_mcgahan,Paul,Christopher McGahan,
er_doctor,wendy_pearson,ER Doctor,Wendy Pearson,
matthew,dustin_geiger,Matthew,Dustin Geiger,
female_anchor,jill_kuramoto,Female Anchor,Jill Kuramoto,
captain_bird,william_makozak,Captain Bird,William Makozak,
sub_captain,alan_seabock,Sub Captain,Alan Seabock,
ticket_agent,suzanne_turner,Ticket Agent,Suzanne Turner,https://www.imdb.com/title/tt0411008/characters/nm0877888
customs_officer,mark_ahsing,Customs Officer,Mark Ahsing,
security_agent,mark_kalaugher,Security Agent,Mark Kalaugher,
teacher,sally_davis,Teacher,Sally Davis,
agent_smalley,dave_coennen,Agent Smalley,Dave Coennen,https://www.imdb.com/title/tt0411008/characters/nm0168770
agent_anne,kesha_diodato,Agent Anne,Kesha Diodato,https://www.imdb.com/title/tt0411008/characters/nm3788602
woman_in_bathroom,kelly_kraynek,Woman in Bathroom,Kelly Kraynek,
security_officer,percival_scott_iii,Security Officer,Percival Scott III,
oceanic_rep,troy_vincent,Oceanic Rep,Troy Vincent,
decorator,sora_jung,Decorator,Sora Jung,
bryan,charles_mesure,Bryan,Charles Mesure,
ray_shephard,raymond_j_barry,Ray Shephard,Raymond J. Barry,
trevor,tim_dezarn,Trevor,Tim DeZarn,
david,michael_deluise,David,Michael DeLuise,
dr_tom_brennan,mackenzie_astin,Dr. Tom Brennan,Mackenzie Astin,
shooter,victor_browne,Shooter,Victor Browne,https://www.imdb.com/title/tt0411008/characters/nm0115092
essam_tasir,donnie_keshawarz,Essam Tasir,Donnie Keshawarz,
emily_locke,swoosie_kurtz,Emily Locke,Swoosie Kurtz,
malcolm,adam_leadbeater,Malcolm,Adam Leadbeater,
dave,evan_handler,Dave,Evan Handler,
brother_campbell,andrew_connolly,Brother Campbell,Andrew Connolly,
mr_jarrah,sayed_badreya,Mr. Jarrah,Sayed Badreya,
travel_agent,john_simon_jones,Travel Agent,John Simon Jones,
jessica,kristin_richardson,Jessica,Kristin Richardson,
ray_mullen,nick_tate,Ray Mullen,Nick Tate,https://www.imdb.com/title/tt0411008/characters/nm0851182
agent_alyssa_cole,jenny_gago,Agent Alyssa Cole,Jenny Gago,
hutton,tim_halligan,Hutton,Tim Halligan,https://www.imdb.com/title/tt0411008/characters/nm0356619
hibbs,robert_patrick,Hibbs,Robert Patrick,
francis_heatherton,jim_piddock,Francis Heatherton,Jim Piddock,
nicole,kelly_rice,Nicole,Kelly Rice,
brian_porter,david_starzyk,Brian Porter,David Starzyk,
marc_silverman,zack_ward,Marc Silverman,Zack Ward,
karen,vanessa_branch,Karen,Vanessa Branch,
amira,anne_bedian,Amira,Anne Bedian,https://www.imdb.com/title/tt0411008/characters/nm0619549
edmund_burke,zeljko_ivanek,Edmund Burke,Zeljko Ivanek,
achara,bai_ling,Achara,Bai Ling,
abigail_spencer,imelda_corcoran,Abigail Spencer,Imelda Corcoran,
omer_jarrah,cas_anvar,Omer Jarrah,Cas Anvar,
principal_donald_reynolds,william_atherton,Principal Donald Reynolds,William Atherton,https://www.imdb.com/title/tt0411008/characters/nm0040472
jonas_whitfield,steven_elder,Jonas Whitfield,Steven Elder,https://www.imdb.com/title/tt0411008/characters/nm0253097
andrea,jackie_maraya,Andrea,Jackie Maraya,
kilo,billy_mayo,Kilo,Billy Mayo,
thomas,keir_odonnell,Thomas,Keir O'Donnell,
young_jack,john_ohara,Young Jack,John O'Hara,
sullivan,scott_paulin,Sullivan,Scott Paulin,
laurence,stewart_finlaymclennan,Laurence,Stewart Finlay-McLennan,
nurse,monica_garcia,Nurse,Monica Garcia,
baseball_hat,dezmond_gilla,Baseball Hat,Dezmond Gilla,
haddad,dariush_kashani,Haddad,Dariush Kashani,
frainey,lawrence_a_mandley,Frainey,Lawrence A. Mandley,
clark_finney,saul_rubinek,Clark Finney,Saul Rubinek,
lucy_heatherton,sally_strecker,Lucy Heatherton,Sally Strecker,https://www.imdb.com/title/tt0411008/characters/nm0834038
martha_toomey,jayne_taini,Martha Toomey,Jayne Taini,
hawaiian_shirt,john_walcutt,Hawaiian Shirt,John Walcutt,
byung_han,joey_yu,Byung Han,Joey Yu,
amelia,julie_adams,Amelia,Julie Adams,
gabriela_busoni,monica_barladeanu,Gabriela Busoni,Monica Barladeanu,
mrs_pace,sammi_davis,Mrs. Pace,Sammi Davis,
gordy,kevin_dunn,Gordy,Kevin Dunn,
kevin_callis,nathan_fillion,Kevin Callis,Nathan Fillion,
monsignor,oliver_muirhead,Monsignor,Oliver Muirhead,
isaac_of_uluru,wayne_pygram,Isaac of Uluru,Wayne Pygram,
ruth,joanna_bool,Ruth,Joanna Bool,
simon_pace,john_henry_canavan,Simon Pace,John Henry Canavan,
older_woman,alexis_rhee,Older Woman,Alexis Rhee,
mother,allison_janney,Mother,Allison Janney,https://www.imdb.com/title/tt0411008/characters/nm0005049
rachel,jenny_chang,Rachel,Jenny Chang,
omar,navid_negahban,Omar,Navid Negahban,
meathead,sev_palmer,Meathead,Sev Palmer,
warren,stephen_j_rafferty,Warren,Stephen J. Rafferty,
boy,jim_woitas,Boy,Jim Woitas,
dagne,natasha_goss,Dagne,Natasha Goss,
security_guard,curtis_jackson,Security Guard,Curtis Jackson,
white_suit,chil_kong,White Suit,Chil Kong,
lily,terasa_livingstone,Lily,Terasa Livingstone,
minister,clarence_logan,Minister,Clarence Logan,
ken_halperin,ron_marasco,Ken Halperin,Ron Marasco,
kevin,anson_mount,Kevin,Anson Mount,
eddie,george_ohanlon_jr,Eddie,George O'Hanlon Jr.,
agent_hewitt,david_ross_paterson,Agent Hewitt,David Ross Paterson,
frank_duckett,jeff_perry,Frank 'Sawyer' Duckett,Jeff Perry,https://www.imdb.com/title/tt0411008/characters/nm0675114
tommy,darren_richardson,Tommy,Darren Richardson,
sanjay,anosh_yagoob,Sanjay,Anosh Yagoob,
arthur,finn_armstrong,Arthur,Finn Armstrong,
joyce_malkin,melissa_bickerton,Joyce Malkin,Melissa Bickerton,
tariq,marc_casabani,Tariq,Marc Casabani,
angelo_busoni,ronald_guttman,Angelo Busoni,Ronald Guttman,
mike,chris_mulkey,Mike,Chris Mulkey,
ulu,pierre_olivier,Ulu,Pierre Olivier,
donovan,shishir_kurup,Donovan,Shishir Kurup,
derek,jack_maxwell,Derek,Jack Maxwell,
johnny,andrew_meader,Johnny,Andrew Meader,
himself,billy_dee_williams,Himself,Billy Dee Williams,
peter_ross,dan_gauthier,Peter Ross,Dan Gauthier,
jerry,kevin_rankin,Jerry,Kevin Rankin,
claudia,lela_loren,Claudia,Lela Loren,https://www.imdb.com/title/tt0411008/characters/nm2187457
isabella,mirelly_taylor,Isabella,Mirelly Taylor,https://www.imdb.com/title/tt0411008/characters/nm0652608
prisoner,xavier_alaniz,Prisoner,Xavier Alaniz,
arlene,lisa_fraser,Arlene,Lisa Fraser,
hotel_manager,andy_trask,Hotel Manager,Andy Trask,
yusef,ali_shaheed_amini,Yusef,Ali Shaheed Amini,
mom,susse_budde,Mom,Susse Budde,
butler,john_choi,Butler,John Choi,
sabrina_carlyle,lindsay_frost,Sabrina Carlyle,Lindsay Frost,
buyer,eric_griffith,Buyer,Eric Griffith,
waiter,michael_lanzo,Waiter,Michael Lanzo,
nurse,tamara_lynch,Nurse,Tamara Lynch,
starla,marguerite_moreau,Starla,Marguerite Moreau,
nathan,josh_randall,Nathan,Josh Randall,
tux_shop_owner,john_tilton,Tux Shop Owner,John Tilton,
detective_calderwood,kevin_e_west,Detective Calderwood,Kevin E. West,
charlotte,brooke_anderson,Charlotte,Brooke Anderson,
peter,richard_cavanna,Peter,Richard Cavanna,
jan,virginia_morris,Jan,Virginia Morris,
master_sergeant,stephen_c_page,Master Sergeant,Stephen C. Page,
dr_jegyu_kim,greg_joung_paik,Dr. Je-Gyu Kim,Greg Joung Paik,
goldie,ronald_revels,Goldie,Ronald Revels,
father_chuck,geoffrey_rivas,Father Chuck,Geoffrey Rivas,
aussie_woman,donna_smallwood,Aussie Woman,Donna Smallwood,
olivia,samantha_mathis,Olivia,Samantha Mathis,https://www.imdb.com/title/tt0411008/characters/nm0000526
brother_martin,andrew_trask,Brother Martin,Andrew Trask,
duncan_forrester,shawn_doyle,Duncan Forrester,Shawn Doyle,
heather,carla_buscaglia,Heather,Carla Buscaglia,
courier,eddie_l_cavett,Courier,Eddie L. Cavett,
tourniquet_man,dale_radomski,Tourniquet Man,Dale Radomski,
slavitt,barry_whitfield,Slavitt,Barry Whitfield,
mr_kim,rain_chung,Mr. Kim,Rain Chung,
philippe,francois_guetary,Philippe,François Guétary,
boy,gordon_hardie,Boy,Gordon Hardie,
wayne,james_horan,Wayne,James Horan,
imam,warren_kundis,Imam,Warren Kundis,
kid,tyler_burns_laudowicz,Kid,Tyler Burns Laudowicz,
byungs_wife,kiya_lee,Byung's Wife,Kiya Lee,
donald,glenn_lehmann,Donald,Glenn Lehmann,
matthew_reed,rick_overton,Matthew Reed,Rick Overton,
johnny,dj_qualls,Johnny,DJ Qualls,
moderator,jeanne_rogers,Moderator,Jeanne Rogers,
dr_curtis,dann_seki,Dr. Curtis,Dann Seki,
thug_captain,john_bryan,Thug Captain,John Bryan,
edward_colburn,justin_chatwin,Edward 'Eddie' Colburn,Justin Chatwin,
jimmy_bane,theo_coumbis,Jimmy Bane,Theo Coumbis,
munson,ian_gomez,Munson,Ian Gomez,
emeka,hakeem_kaekazim,Emeka,Hakeem Kae-Kazim,
caldwell,peter_lavin,Caldwell,Peter Lavin,
sgt_tony_buccelli,theo_rossi,Sgt. Tony Buccelli,Theo Rossi,
commercial_director,craig_robert_young,Commercial Director,Craig Robert Young,
delivery_man,jeremy_colvin,Delivery Man,Jeremy Colvin,
diane,roxanne_day,Diane,Roxanne Day,
airport_guard,tyrone_howard,Airport Guard,Tyrone Howard,
tricia_tanaka,sung_hi_lee,Tricia Tanaka,Sung Hi Lee,
emily_linus,carrie_preston,Emily Linus,Carrie Preston,
isabel,diana_scarwid,Isabel,Diana Scarwid,https://www.imdb.com/title/tt0411008/characters/nm0769311
sami,shaun_toub,Sami,Shaun Toub,
paiks_secretary,jean_tree,Paik's Secretary,Jean Tree,
melissa_dunbrook,susan_gibney,Melissa Dunbrook,Susan Gibney,
peter_avellino,armando_pucci,Peter Avellino,Armando Pucci,
harper_stanhope,andrea_roth,Harper Stanhope,Andrea Roth,
magician,glen_bailey,Magician,Glen Bailey,
kid,john_jamal_bradley,Kid,John Jamal Bradley,
doctor,chris_jaymes,Doctor,Chris Jaymes,
dr_evelyn_ariza,stephanie_niznik,Dr. Evelyn Ariza,Stephanie Niznik,
howard_gray,dean_norris,Howard Gray,Dean Norris,
burditt,christopher_amitrano,Burditt,Christopher Amitrano,
father_suarez,juan_carlos_cantu,Father Suarez,Juan Carlos Cantu,
ticket_agent,meilinda_cecilia_soerjoko,Ticket Agent,Meilinda Cecilia Soerjoko,
nurse,masayo_ford,Nurse,Masayo Ford,
shawna,jeanna_garcia,Shawna,Jeanna Garcia,
australian_official,chard_hayward,Australian Official,Chard Hayward,
mrs_shin,kim_kim,Mrs. Shin,Kim Kim,
byungs_daughter,angelica_perreira,Byung's Daughter,Angelica Perreira,
francine,roxie_sarhangi,Francine,Roxie Sarhangi,
ticket_agent,james_edward_sclafani,Ticket Agent,James Edward Sclafani,
sheriff,joel_himelhoch,Sheriff,Joel Himelhoch,
us_soldier_1,thomas_meharey,U.S. Soldier #1,Thomas Meharey,
amina,muna_otaru,Amina,Muna Otaru,
dr_ian_mcvay,felix_williamson,Dr. Ian McVay,Felix Williamson,
dr_woodruff,julian_barnes,Dr. Woodruff,Julian Barnes,
jimmy_lennon,david_cordell,Jimmy Lennon,David Cordell,
arabic_man_1,eyad_elbitar,Arabic Man #1,Eyad Elbitar,
tamara_fry,cleo_king,Tamara Fry,Cleo King,
howard_zukerman,jacob_witkin,Howard Zukerman,Jacob Witkin,
elsa,thekla_reuten,Elsa,Thekla Reuten,
ishmael_bakir,faran_tahir,Ishmael Bakir,Faran Tahir,
vanessa,elisabeth_blake,Vanessa,Elisabeth Blake,
hajer,ammar_daraiseh,Hajer,Ammar Daraiseh,
barfly,patricia_hastie,Barfly,Patricia Hastie,
rosie,molly_mcgivern,Rosie,Molly McGivern,
wheeler,casey_adams,Wheeler,Casey Adams,
boy_in_black,ryan_hanson_bradford,Boy in Black,Ryan Hanson Bradford,https://www.imdb.com/title/tt0411008/characters/nm1758376
servant,davo_coria,Servant,Davo Coria,
ms_kendall,natalie_garcia_fryman,Ms. Kendall,Natalie Garcia Fryman,
dogens_son,sean_kinerney,Dogen's Son,Sean Kinerney,
ava,jodi_lyn_okeefe,Ava,Jodi Lyn O'Keefe,
woman,barbara_vidinhatyler,Woman,Barbara Vidinha-Tyler,
poor_man,robert_dahey,Poor Man,Robert Dahey,
detective_raggs,mark_gilbert,Detective Raggs,Mark Gilbert,
emt_2,julius_ledda,EMT #2,Julius Ledda,
bartender,alex_mason,Bartender,Alex Mason,
us_soldier_2,kamari_borden,U.S. Soldier #2,Kamari Borden,
kim,dion_donahue,Kim,Dion Donahue,
warden_harris,bill_duke,Warden Harris,Bill Duke,
tough_moroccan,moumen_elhajji,Tough Moroccan,Moumen ElHajji,
nigerian_nun,aisha_hinds,Nigerian Nun,Aisha Hinds,
officer_barnes,rhett_giles,Officer Barnes,Rhett Giles,
chet,james_huang,Chet,James Huang,
waiter,taiarii_marshall,Waiter,Taiarii Marshall,
young_hurley,caden_waidyatilleka,Young Hurley,Caden Waidyatilleka,
judge,traber_burns,Judge,Traber Burns,
sister_consuela,concepcion_alicinosaucedo,Sister Consuela,Concepcion Alicino-Saucedo,
young_faraday,spencer_allyn,Young Faraday,Spencer Allyn,
taxi_driver,adam_bazzi,Taxi Driver,Adam Bazzi,
field_supervisor,simon_el_bling,Field Supervisor,Simon El Bling,
tony,emerson_brooks,Tony,Emerson Brooks,
grocery_worker,miko_franconi,Grocery Worker,Miko Franconi,
charlottes_mom,victoria_goring,Charlotte's Mom,Victoria Goring,
custodian,dan_hildebrand,Custodian,Dan Hildebrand,
nabil,pd_mani,Nabil,P.D. Mani,
oldham,william_sanderson,Oldham,William Sanderson,
other_1,john_skinner,Other #1,John Skinner,
lindsey,jenni_blong,Lindsey,Jenni Blong,
sergeant,allan_cole,Sergeant,Allan Cole,
ignacio,izzy_diaz,Ignacio,Izzy Diaz,
orderly,ken_elliott,Orderly,Ken Elliott,
lax_customs_official,larry_joshua,LAX Customs Official,Larry Joshua,
oldest_hunter,ivo_nandi,Oldest Hunter,Ivo Nandi,https://www.imdb.com/title/tt0411008/characters/nm2166477
waiter,jesse_smith,Waiter,Jesse Smith,
school_kid,joshua_smith,School Kid,Joshua Smith,
pakistani_store_clerk,raj_k_bose,Pakistani Store Clerk,Raj K. Bose,
diego,derrick_bulatao,Diego,Derrick Bulatao,
jason_mccormack,aaron_gold,Jason McCormack,Aaron Gold,
tai_soo,josiah_d_lee,Tai Soo,Josiah D. Lee,
man_on_beach,jon_sakata,Man on Beach,Jon Sakata,
survivor,ivana_michele_smith,Survivor,Ivana Michele Smith,
nora,ashleigh_ann_wood,Nora,Ashleigh Ann Wood,
corrections_officer,dorian_burns,Corrections Officer,Dorian Burns,
moroccan_2,achraf_marzouki,Moroccan #2,Achraf Marzouki,
suzanne,edenlee_murray,Suzanne,Eden-Lee Murray,
daniel,jermaine_scooter_smith,Daniel,Jermaine Scooter Smith,
peter,patrick_j_adams,Peter,Patrick J. Adams,https://www.imdb.com/title/tt0411008/characters/nm1140666
head_nurse,elizabeth_logan,Head Nurse,Elizabeth Logan,
thai_man,siwathep_sunapo,Thai Man,Siwathep Sunapo,
bartender,michael_titterton,Bartender,Michael Titterton,
tunisian_desk_clerk,yetide_badaki,Tunisian Desk Clerk,Yetide Badaki,
suited_guard,chris_barnes,Suited Guard,Chris Barnes,
ambassador,george_cheung,Ambassador,George Cheung,
bailiff,fred_q_collins,Bailiff,Fred Q. Collins,
dr_stillman,william_h_fiddler_iv,Dr. Stillman,William H. Fiddler IV,
karen_decker,michelle_forbes,Karen Decker,Michelle Forbes,
ivan,dmitri_s_boudrine,Ivan,Dmitri S. Boudrine,
worker,cody_gomes,Worker,Cody Gomes,
ji_yeon,jaymie_kim,Ji Yeon,Jaymie Kim,
sweet_young_woman,susan_king,Sweet Young Woman,Susan King,
ellie,alexandra_krosney,Ellie,Alexandra Krosney,https://www.imdb.com/title/tt0411008/characters/nm1153215
rupa,kavita_patil,Rupa,Kavita Patil,https://www.imdb.com/title/tt0411008/characters/nm1276956
construction_foreman,stephen_scibetta,Construction Foreman,Stephen Scibetta,
cabbie,salvatore_abbadessa,Cabbie,Salvatore Abbadessa,
simmons,jonathan_arthur,Simmons,Jonathan Arthur,https://www.imdb.com/title/tt0411008/characters/nm2209096
officer_rasmussen,traci_burgard,Officer Rasmussen,Traci Burgard,
nurse,maile_holck,Nurse,Maile Holck,
prisoner,santiago_montone,Prisoner,Santiago Montone,
doctor,michael_cowell,Doctor,Michael Cowell,
reporter,joy_minaai,Reporter,Joy Minaai,
anesthesiologist,larry_wiss,Anesthesiologist,Larry Wiss,
young_sun,sophie_kim,Young Sun,Sophie Kim,
adam,stephen_semel,Adam,Stephen Semel,
priest,ellis_st_rose,Priest,Ellis St. Rose,
mrs_talbot,barbara_baehler,Mrs. Talbot,Barbara Baehler,
annie,madeline_carroll,Annie,Madeline Carroll,
thai_boy,shannon_chanhthanam,Thai Boy,Shannon Chanhthanam,
er_doctor,danan_pere,ER Doctor,Danan Pere,
photographer,stephen_quinn,Photographer,Stephen Quinn,
auctioneer,edward_conery,Auctioneer,Edward Conery,
another_nurse,lynnette_garces,Another Nurse,Lynnette Garces,
bedouin_1,nick_hermz,Bedouin #1,Nick Hermz,
dr_erica_stevenson,april_parker_jones,Dr. Erica Stevenson,April Parker Jones,
young_juliet,rylee_fansler,Young Juliet,Rylee Fansler,
floyd,michael_hardy,Floyd,Michael Hardy,
evelyn,linda_rose_herman,Evelyn,Linda Rose Herman,
salonga,raymond_ma,Salonga,Raymond Ma,
manager,scott_moura,Manager,Scott Moura,
bellman,ane_tranetzki,Bellman,Ane Tranetzki,
mr_dorsey,ned_van_zandt,Mr. Dorsey,Ned Van Zandt,
lou,addison_arquette,Lou,Addison Arquette,
nurse,hannah_bell,Nurse,Hannah Bell,
ob_nurse,yasmin_dar,OB nurse,Yasmin Dar,
school_kid,ashlee_kyker,School Kid,Ashlee Kyker,
doctor,jose_yenque,Doctor,Jose Yenque,
assistant_da,rand_wilson,Assistant D.A.,Rand Wilson,
nigerian_woman,cynthia_charles,Nigerian Woman,Cynthia Charles,
moderator,alexandra_morgan,Moderator,Alexandra Morgan,
trader,michael_robinson,Trader,Michael Robinson,
dharma_welcomer,jenn_boneza,Dharma Welcomer,Jenn Boneza,
sherry,kimberly_estrada,Sherry,Kimberly Estrada,
detective_mason,marlene_forte,Detective Mason,Marlene Forte,
dr_rob_hamill,james_lesure,Dr. Rob Hamill,James Lesure,
african_man,kanayo_chiemelu,African Man,Kanayo Chiemelu,
soldier,chris_gibbon,Soldier,Chris Gibbon,
doug,sean_douglas_hoban,Doug,Sean Douglas Hoban,
dr_bae,lanny_joon,Dr. Bae,Lanny Joon,
indonesian_boy,damon_juan,Indonesian Boy,Damon Juan,
receptionist,traci_toguchi,Receptionist,Traci Toguchi,
counter_girl,chantal_boomla,Counter Girl,Chantal Boom'la,
nurse_debra,candace_hammer,Nurse Debra,Candace Hammer,
young_miles,lance_ho,Young Miles,Lance Ho,
young_sayid,anthony_keyvan,Young Sayid,Anthony Keyvan,
anesthesiologist,daniel_james_kunkel,Anesthesiologist,Daniel James Kunkel,
secretary,tuli_roykirwan,Secretary,Tuli Roy-Kirwan,
surgeon,teresa_huang,Surgeon,Teresa Huang,
police_officer,christopher_johnson,Police Officer,Christopher Johnson,
officer,ernesto_lopez,Officer,Ernesto Lopez,
sophie,maree_miller,Sophie,Maree Miller,
nurse,maya_pruett,Nurse,Maya Pruett,
prison_tough_1,hunter_quinn,Prison Tough #1,Hunter Quinn,
detective_reed,don_nahaku,Detective Reed,Don Nahaku,
dharma_rep_1,gregory_suenaga,Dharma Rep. #1,Gregory Suenaga,
mr_gellert,phil_abrams,Mr. Gellert,Phil Abrams,
iraqi_merchant,kaveh_kardan,Iraqi Merchant,Kaveh Kardan,
admitting_nurse,christina_m_kim,Admitting Nurse,Christina M. Kim,
billy,darren_keefe_reiher,Billy,Darren Keefe Reiher,
ms_berenberg,carla_von,Ms. Berenberg,Carla Von,
young_ethan,devon_gearhart,Young Ethan,Devon Gearhart,
young_rachel,savannah_brooke_lathem,Young Rachel,Savannah Brooke Lathem,
iraqi_boy,xavier_raabemanupule,Iraqi Boy,Xavier Raabe-Manupule,
doctor,kayren_butler,Doctor,Kayren Butler,
screaming_other,david_p_griffith,Screaming Other,David P. Griffith,
receptionist,yvonne_midkiff,Receptionist,Yvonne Midkiff,
agent_freedman,peter_ruocco,Agent Freedman,Peter Ruocco,
receptionist,sonya_seng,Receptionist,Sonya Seng,
kincaid,stephen_bishop,Kincaid,Stephen Bishop,
dharma_rep_2,diamante_kielo,Dharma Rep. #2,Diamante Kielo,
morgue_employee,steve_labrash,Morgue Employee,Steve Labrash,
er_nurse,amanda_carlin,E.R. Nurse,Amanda Carlin,
delivery_room_nurse,sun_hee_koo,Delivery Room Nurse,Sun Hee Koo,
ms_gardner,azure_mccall,Ms. Gardner,Azure McCall,
sergeant,graham_mctavish,Sergeant,Graham McTavish,
london_doorman,michael_sadler,London Doorman,Michael Sadler,
jed,matt_hoffman,Jed,Matt Hoffman,
detective,james_jeremiah,Detective,James Jeremiah,
prison_clerk,john_pete,Prison Clerk,John Pete,
bartender,joe_toro,Bartender,Joe Toro,
clementine,olivia_vickery,Clementine,Olivia Vickery,
mri_tech,benjamin_j_cain_jr,MRI Tech,Benjamin J. Cain Jr.,
guard,kasim_saul,Guard,Kasim Saul,
munsons_wife,christina_simpkins,Munson's Wife,Christina Simpkins,
melissa,sarah_duval,Melissa,Sarah Duval,
shopkeeper,simon_rhee,Shopkeeper,Simon Rhee,
bedouin_2,sammy_sheik,Bedouin #2,Sammy Sheik,
translator,necar_zadegan,Translator,Necar Zadegan,
young_kate,emily_evan_rae,Young Kate,Emily Evan Rae,
young_alex,lehualani_silva,Young Alex,Lehualani Silva,
darlene,dana_sorman,Darlene,Dana Sorman,
juliets_dad,michael_trisler,Juliet's Dad,Michael Trisler,
clipboard_guy,gerard_elmore,Clipboard Guy,Gerard Elmore,
sam,aramis_knight,Sam,Aramis Knight,
emt,skyler_stone,EMT,Skyler Stone,
roderick,joshua_hancock,Roderick,Joshua Hancock,
nurse,galyn_gorg,Nurse,Galyn Görg,
lewis,steven_neumeier,Lewis,Steven Neumeier,
physical_therapist,matthew_pedersen,Physical Therapist,Matthew Pedersen,
security_agent,david_yew,Security Agent,David Yew,
young_sawyer,keegan_boos,Young Sawyer,Keegan Boos,
reporter,cindy_paliracio,Reporter,Cindy Paliracio,
doctor,peter_stray,Doctor,Peter Stray,
er_doctor,kate_connor,E.R. Doctor,Kate Connor,
hendricks,noah_craft,Hendricks,Noah Craft,
jeff,james_locke,Jeff,James Locke,
emily_,holland_roden,Emily (Age 16),Holland Roden,https://www.imdb.com/title/tt0411008/characters/nm1555699
uncle_doug,colby_french,Uncle Doug,Colby French,
caretaker,peggy_anne_siegmund,Caretaker,Peggy Anne Siegmund,
ticket_agent,stefanie_smart,Ticket Agent,Stefanie Smart,
eva,kailee_velasco,Eva,Kailee Velasco,
flight_attendant,kathleen_m_darcy,Flight Attendant,Kathleen M. Darcy,
john_locke_,caleb_steinmeyer,John Locke (Age 16),Caleb Steinmeyer,
mr_springer,george_gerdes,Mr. Springer,George Gerdes,
er_nurse,jennifer_sojot,ER Nurse,Jennifer Sojot,
lawyer,sundra_oakley,Lawyer,Sundra Oakley,
arnie_bocklin,john_pyperferguson,Arnie Bocklin,John Pyper-Ferguson,
arturo,will_allen,Arturo,Will Allen,
reporter_1,garrett_hughes,Reporter #1,Garrett Hughes,
emilys_mother,rebecca_tilney,Emily's Mother,Rebecca Tilney,
aunt_soo,agnes_kwak,Aunt Soo,Agnes Kwak,
roadie,paul_t_mitri,Roadie,Paul T. Mitri,
pilot,david_michael,Pilot,David Michael,
er_doctor,patrick_torres,E.R. Doctor,Patrick Torres,
young_tom,tanner_maguire,Young Tom,Tanner Maguire,
widmore_assistant,haley_cook,Widmore Assistant,Haley Cook,
oceanic_rep,eric_nemoto,Oceanic Rep,Eric Nemoto,
arabic_reporter,souhil_nimeh,Arabic Reporter,Souhil Nimeh,
florence,mandy_june_turpin,Florence,Mandy June Turpin,
korean_reporter,eul_noh,Korean Reporter,Eul Noh,
john_locke_,charles_henry_wyson,John Locke (Age 5),Charles Henry Wyson,
russian_nurse,sonya_masinovsky,Russian Nurse,Sonya Masinovsky,
nurse,christina_souza,Nurse,Christina Souza,
blonde_reporter,alicia_rae,Blonde Reporter,Alicia Rae,
copilot,joseph_sikora,Co-Pilot,Joseph Sikora,
vincent_the_dog,madison,Vincent the Dog,Madison,https://www.imdb.com/title/tt0411008/characters/nm1807667
survivor,faith_fay,Survivor,Faith Fay,
widmore_scientist,james_koons,Widmore Scientist,James Koons,
1970s_other,joseph_wilson,1970's Other,Joseph Wilson,
bully,matthew_thompson,Bully,Matthew Thompson,
survivor,dane_justman,Survivor,Dane Justman,
aaron_littlejohn,julia_mueller,Aaron Littlejohn,Julia Mueller,
restaurant_patron,shiromi_arserio,Restaurant Patron,Shiromi Arserio,
hospital_patient,larry_wegger,Hospital Patient,Larry Wegger,
gas_station_clerk,brian_sherwin,Gas Station Clerk,Brian Sherwin,
redfurn,ej_snyder,Redfurn,E.J. Snyder,
kid,claudio_fabbri,Kid,Claudio Fabbri,
lacombe,chris_marvin,Lacombe,Chris Marvin,
nadine,alexandra_tabas,Nadine,Alexandra Tabas,https://www.imdb.com/title/tt0411008/characters/nm3364080
temple_other,john_a_weaver,Temple Other,John A Weaver,
plane_passenger,benjamin_p_binswanger,Plane Passenger,Benjamin P. Binswanger,
muslim,sean_decambra,Muslim,Sean DeCambra,
rachel,india_dupre,Rachel,India Dupré,
background_waiter,paul_sw_lee,Background Waiter,Paul S.W. Lee,
wife,kimberly_stahl,Wife,Kimberly Stahl,
gary_troup,frank_torres,Gary Troup,Frank Torres,
flight_attendant,shawna_washabaugh,Flight Attendant,Shawna Washabaugh,
calloway,jeannetta_arnette,Calloway,Jeannetta Arnette,
gerald_degroot,michael_gilday,Gerald DeGroot,Michael Gilday,
aaron_littlejohn,jade_heimowitz,Aaron Littlejohn,Jade Heimowitz,
young_tom,carter_jenkins,Young Tom,Carter Jenkins,
passenger,paul_leo_klink,Passenger,Paul Leo Klink,
young_kate,skye_mccole_bartusiak,Young Kate,Skye McCole Bartusiak,
wheeler,scott_rogers,Wheeler,Scott Rogers,
others,sharon_m_bell,Others,Sharon M. Bell,
lizzie,zara_bottgoins,Lizzie,Zara Bott-Goins,
additional,patrick_bradford,Additional,Patrick Bradford,
us_soldier_3,barry_brandt,U.S. Soldier #3,Barry Brandt,
man_1,len_cordova,Man #1,Len Cordova,
charlies_father,r_andrew_doan,Charlie's Father,R. Andrew Doan,
mr_pace,robin_atkin_downes,Mr. Pace,Robin Atkin Downes,
receptionist,cathy_foy,Receptionist,Cathy Foy,
barista,dustin_gomes,Barista,Dustin Gomes,
mental_ward_patient,sophie_owensbender,Mental Ward Patient,Sophie Owens-Bender,
young_man,eyal_podell,Young Man,Eyal Podell,
passenger_survivor_2,bryan_sato,Passenger survivor #2,Bryan Sato,
prisoner_885,lobo_sebastian,Prisoner #885,Lobo Sebastian,
book_club_guy,viet_vo,Book Club Guy,Viet Vo,
countdown_computer,lynnanne_zager,Countdown Computer,Lynnanne Zager,
carole_littleton,arlene_newmanvan_asperen,Carole Littleton,Arlene Newman-Van Asperen,
dharma_worker,nick_roth,Dharma Worker,Nick Roth,
impatient_other,david_william_james_elliott,Impatient Other,David William James Elliott,
er_nurse,jordan_lawson,ER Nurse,Jordan Lawson,
jane,michelle_ruff,Jane,Michelle Ruff,
locure,tony_wade,Locure,Tony Wade,
mattingly,todd_bryant,Mattingly,Todd Bryant,
nurse,stephanie_conching,Nurse,Stephanie Conching,
girl_in_airport,summer_eguchi,Girl in Airport,Summer Eguchi,
dharma_guard,matt_esecson,Dharma Guard,Matt Esecson,
nalini,rebecca_hazlewood,Nalini,Rebecca Hazlewood,
nurse,evan_jennings,Nurse,Evan Jennings,
survivor,johnny_larocque,Survivor,Johnny Larocque,
asim,sanjay_madhav,Asim,Sanjay Madhav,
juliets_mom,amy_stewart,Juliet's Mom,Amy Stewart,
baxter,jim_templar,Baxter,Jim Templar,
other,melissa_barker,Other,Melissa Barker,
desk_clerk,chad_donella,Desk Clerk,Chad Donella,
cab_driver,walter_fowler,Cab Driver,Walter Fowler,
talent_contest_judge,john_herkenrath,Talent Contest Judge,John Herkenrath,
mechanic,jeff_kober,Mechanic,Jeff Kober,
clerk,samm_levine,Clerk,Samm Levine,
airplane_passenger,troy_manandic,Airplane Passenger,Troy Manandic,
