admiral_william_adama,edward_james_olmos,Admiral William Adama,Edward James Olmos,https://www.imdb.com/title/tt0407362/characters/nm0001579
president_laura_roslin,mary_mcdonnell,President Laura Roslin,Mary McDonnell,https://www.imdb.com/title/tt0407362/characters/nm0001521
cpt_lee_adama,jamie_bamber,Cpt. Lee 'Apollo' Adama,Jamie Bamber,https://www.imdb.com/title/tt0407362/characters/nm0051397
dr_gaius_baltar,james_callis,Dr. Gaius Baltar,James Callis,https://www.imdb.com/title/tt0407362/characters/nm0130536
number_six,tricia_helfer,Number Six,Tricia Helfer,https://www.imdb.com/title/tt0407362/characters/nm1065454
lt_sharon_valerii,grace_park,Lt. Sharon 'Boomer' Valerii,Grace Park,https://www.imdb.com/title/tt0407362/characters/nm0661825
captain_kara_thrace,katee_sackhoff,Captain Kara 'Starbuck' Thrace,Katee Sackhoff,https://www.imdb.com/title/tt0407362/characters/nm0755267
colonel_saul_tigh,michael_hogan,Colonel Saul Tigh,Michael Hogan,https://www.imdb.com/title/tt0407362/characters/nm0389581
chief_galen_tyrol,aaron_douglas,Chief Galen Tyrol,Aaron Douglas,https://www.imdb.com/title/tt0407362/characters/nm0234928
captain_karl_agathon,tahmoh_penikett,Captain Karl 'Helo' Agathon,Tahmoh Penikett,https://www.imdb.com/title/tt0407362/characters/nm0671886
lt_felix_gaeta,alessandro_juliani,Lt. Felix Gaeta,Alessandro Juliani,https://www.imdb.com/title/tt0407362/characters/nm0432228
officer_anastasia_dualla,kandyse_mcclure,Officer Anastasia Dualla,Kandyse McClure,https://www.imdb.com/title/tt0407362/characters/nm0565973
dr_cottle,donnelly_rhodes,Dr. Cottle,Donnelly Rhodes,https://www.imdb.com/title/tt0407362/characters/nm0722413
crewman_specialist_cally_henderson,nicki_clyne,Crewman Specialist Cally Henderson,Nicki Clyne,https://www.imdb.com/title/tt0407362/characters/nm0167435
lt_brendan_constanza,bodie_olmos,Lt. Brendan 'Hot Dog' Constanza,Bodie Olmos,https://www.imdb.com/title/tt0407362/characters/nm0647453
samuel_anders,michael_trucco,Samuel Anders,Michael Trucco,https://www.imdb.com/title/tt0407362/characters/nm0873998
racetrack,leah_cairns,Racetrack,Leah Cairns,https://www.imdb.com/title/tt0407362/characters/nm1489668
tory_foster,rekha_sharma,Tory Foster,Rekha Sharma,https://www.imdb.com/title/tt0407362/characters/nm0788907
billy_keikeya,paul_campbell,Billy Keikeya,Paul Campbell,https://www.imdb.com/title/tt0407362/characters/nm1353748
ellen_tigh,kate_vernon,Ellen Tigh,Kate Vernon,https://www.imdb.com/title/tt0407362/characters/nm0894690
tom_zarek,richard_hatch,Tom Zarek,Richard Hatch,https://www.imdb.com/title/tt0407362/characters/nm0368745
ensign_diana_seelix,jen_halley,Ensign Diana 'Hardball' Seelix,Jen Halley,https://www.imdb.com/title/tt0407362/characters/nm0356501
leoben_conoy,callum_keith_rennie,Leoben Conoy,Callum Keith Rennie,https://www.imdb.com/title/tt0407362/characters/nm0719678
lt_louis_hoshi,brad_dryborough,Lt. Louis Hoshi,Brad Dryborough,https://www.imdb.com/title/tt0407362/characters/nm0238694
aaron_doral,matthew_bennett,Aaron Doral,Matthew Bennett,https://www.imdb.com/title/tt0407362/characters/nm0071922
louanne_katraine,luciana_carro,Louanne 'Kat' Katraine,Luciana Carro,https://www.imdb.com/title/tt0407362/characters/nm1382781
danna_biers,lucy_lawless,D'Anna Biers,Lucy Lawless,https://www.imdb.com/title/tt0407362/characters/nm0005128
john_cavil,dean_stockwell,John Cavil,Dean Stockwell,https://www.imdb.com/title/tt0407362/characters/nm0001777
lt_hamish_mccall,colin_lawrence,Lt. Hamish 'Skulls' McCall,Colin Lawrence,https://www.imdb.com/title/tt0407362/characters/nm0492687
marine_allan_nowart,colin_corrigan,Marine Allan Nowart,Colin Corrigan,
crashdown,sam_witwer,Crashdown,Sam Witwer,https://www.imdb.com/title/tt0407362/characters/nm1022429
medic_layne_ishay,kerry_norton,Medic Layne Ishay,Kerry Norton,https://www.imdb.com/title/tt0407362/characters/nm0636244
playa_palacios,christina_schild,Playa Palacios,Christina Schild,
paulla_schaffer,lara_gilchrist,Paulla Schaffer,Lara Gilchrist,
jammer,dominic_zamprogna,Jammer,Dominic Zamprogna,https://www.imdb.com/title/tt0407362/characters/nm0952778
the_hybrid,tiffany_lyndallknight,The Hybrid,Tiffany Lyndall-Knight,
lt_noel_allison,sebastian_spence,Lt. Noel 'Narcho' Allison,Sebastian Spence,
jeanne,keegan_connor_tracy,Jeanne,Keegan Connor Tracy,https://www.imdb.com/title/tt0407362/characters/nm0870535
specialist_3rd_class_anthony_figurski,don_thompson,Specialist 3rd Class Anthony Figurski,Don Thompson,https://www.imdb.com/title/tt0407362/characters/nm0860065
elosha,lorena_gale,Elosha,Lorena Gale,https://www.imdb.com/title/tt0407362/characters/nm0301874
simon,rick_worthy,Simon,Rick Worthy,https://www.imdb.com/title/tt0407362/characters/nm0941796
crewman_specialist_socinus,alonso_oyarzun,Crewman Specialist Socinus,Alonso Oyarzun,https://www.imdb.com/title/tt0407362/characters/nm0654640
jean_barolay,alisen_down,Jean Barolay,Alisen Down,https://www.imdb.com/title/tt0407362/characters/nm0235888
sekou_hamilton,biski_gugushe,Sekou Hamilton,Biski Gugushe,
captain_aaron_kelly,ty_olsson,Captain Aaron Kelly,Ty Olsson,
charlie_connor,ryan_robbins,Charlie Connor,Ryan Robbins,https://www.imdb.com/title/tt0407362/characters/nm0730455
sgt_erin_mathias,eileen_pedde,Sgt. Erin Mathias,Eileen Pedde,https://www.imdb.com/title/tt0407362/characters/nm0669826
tracey_anne,leela_savasta,Tracey Anne,Leela Savasta,
jacob_cantrell,andrew_mcilroy,Jacob Cantrell,Andrew McIlroy,
picon_delegate,judith_maxie,Picon Delegate,Judith Maxie,
romo_lampkin,mark_sheppard,Romo Lampkin,Mark Sheppard,https://www.imdb.com/title/tt0407362/characters/nm0791968
speaking_delegate_2,iris_paluly,Speaking Delegate #2,Iris Paluly,
reza_chronides,marilyn_norry,Reza Chronides,Marilyn Norry,
hera_agathon,alexandra_thomas,Hera Agathon,Alexandra Thomas,
lt_eammon_pike,ryan_mcdonell,Lt. Eammon 'Gonzo' Pike,Ryan McDonell,
tucker_clellan,christian_tessier,Tucker 'Duck' Clellan,Christian Tessier,
chief_peter_laird,vincent_gale,Chief Peter Laird,Vincent Gale,https://www.imdb.com/title/tt0407362/characters/nm0301925
speaking_delegate_1,donna_soares,Speaking Delegate #1,Donna Soares,
dealino,darcy_laurie,Dealino,Darcy Laurie,
nicky_tyrol,finn_r_devitt,Nicky Tyrol,Finn R. Devitt,https://www.imdb.com/title/tt0407362/characters/nm2986703
kacey,madeleine_parker,Kacey,Madeleine Parker,https://www.imdb.com/title/tt0407362/characters/nm2264355
colonel_jack_fisk,graham_beckel,Colonel Jack Fisk,Graham Beckel,https://www.imdb.com/title/tt0407362/characters/nm0065320
cpl_venner,chris_shields,Cpl. Venner,Chris Shields,
sarah_porter,patricia_idlette,Sarah Porter,Patricia Idlette,
maya,erica_cerra,Maya,Erica Cerra,
hera_agathon,iliana_gomezmartinez,Hera Agathon,Iliana Gomez-Martinez,https://www.imdb.com/title/tt0407362/characters/nm3353520
marine_sgt_fischer,aleks_paunovic,Marine Sgt. Fischer,Aleks Paunovic,https://www.imdb.com/title/tt0407362/characters/nm0006820
sgt_brandy_harder,heather_doerksen,Sgt. Brandy Harder,Heather Doerksen,
quorum_delegate,veena_sood,Quorum Delegate,Veena Sood,
crewman_specialist_gage,mike_dopud,Crewman Specialist Gage,Mike Dopud,
crewman_specialist_vireem,derek_delost,Crewman Specialist Vireem,Derek Delost,
admiral_helena_cain,michelle_forbes,Admiral Helena Cain,Michelle Forbes,https://www.imdb.com/title/tt0407362/characters/nm0000405
marshall_bagot,malcolm_stewart,Marshall Bagot,Malcolm Stewart,
james_mcmanus,david_kaye,James McManus,David Kaye,
hillard,diego_diablo_del_mar,Hillard,Diego Diablo Del Mar,
lt_mei_firelli,pj_prinsloo,Lt. Mei 'Freaker' Firelli,P.J. Prinsloo,
captain_doyle_franks,susan_hogan,Captain Doyle Franks,Susan Hogan,https://www.imdb.com/title/tt0407362/characters/nm0389623
specialist_2nd_class_marcie_brasko,sonja_bennett,Specialist 2nd Class Marcie Brasko,Sonja Bennett,
karen_fallbrook,alison_matthews,Karen Fallbrook,Alison Matthews,
reporter_1,stephen_holmes,Reporter #1,Stephen Holmes,
marine_sergeant,curtis_ricks,Marine Sergeant,Curtis Ricks,
judge_2,william_samples,Judge #2,William Samples,https://www.imdb.com/title/tt0407362/characters/nm0760138
zak_adama,tobias_mehler,Zak Adama,Tobias Mehler,https://www.imdb.com/title/tt0407362/characters/nm0576425
lt_paolo_mckay,lee_jeffery,Lt. Paolo 'Redwing' McKay,Lee Jeffery,
tarn,warren_christie,Tarn,Warren Christie,
xeno_fenner,david_patrick_green,Xeno Fenner,David Patrick Green,
slick,roark_critchlow,Slick,Roark Critchlow,https://www.imdb.com/title/tt0407362/characters/nm0188220
chu,eric_breker,Chu,Eric Breker,
meier,james_remar,Meier,James Remar,https://www.imdb.com/title/tt0407362/characters/nm0001664
sgt_hadrian,jill_teed,Sgt. Hadrian,Jill Teed,https://www.imdb.com/title/tt0407362/characters/nm0853805
didi_cassidy,chelah_horsdal,Didi Cassidy,Chelah Horsdal,https://www.imdb.com/title/tt0407362/characters/nm1319098
enzo,g_patrick_currie,Enzo,G. Patrick Currie,
captain_cole_taylor,john_pyperferguson,Captain Cole 'Stinger' Taylor,John Pyper-Ferguson,
paramedic_howard_kim,kurt_evans,Paramedic Howard Kim,Kurt Evans,
ensign_davis,cailin_stadnyk,Ensign Davis,Cailin Stadnyk,
sueshaun,tamara_lashley,Sue-Shaun,Tamara Lashley,https://www.imdb.com/title/tt0407362/characters/nm1735157
young_kara,erikashaye_gair,Young Kara,Erika-Shaye Gair,
chuckles,terry_chen,Chuckles,Terry Chen,
lt_dwight_saunders,colby_johannson,Lt. Dwight 'Flat-Top' Saunders,Colby Johannson,
kimmit,charles_singh,Kimmit,Charles Singh,
security_officer,james_ashcroft,Security Officer,James Ashcroft,
priest,winston_rekert,Priest,Winston Rekert,https://www.imdb.com/title/tt0407362/characters/nm0718759
guard,steve_lawlor,Guard,Steve Lawlor,
eco,jamie_bell,ECO,Jamie Bell,
private_sykes,tygh_runyan,Private Sykes,Tygh Runyan,
pvt_stewart_jaffee,michael_leisen,Pvt. Stewart Jaffee,Michael Leisen,
cheadle,chris_boyd,Cheadle,Chris Boyd,
priestess,laara_sadiq,Priestess,Laara Sadiq,
flyboy,michael_tayles,Flyboy,Michael Tayles,
lt_joe_palladino,jeremy_guilbaut,Lt. Joe 'Hammerhead' Palladino,Jeremy Guilbaut,
julia,emilie_ullerup,Julia,Emilie Ullerup,
shona,simone_bailly,Shona,Simone Bailly,
lcpl_eduardo_maldonado,craig_veroni,LCPL Eduardo Maldonado,Craig Veroni,
frank_porthos,kevin_mcnulty,Frank Porthos,Kevin McNulty,
marine_1,richard_jollymore,Marine #1,Richard Jollymore,
marine_2,anthony_st_john,Marine #2,Anthony St. John,
karma,jim_shield,Karma,Jim Shield,
rafferty,patrick_gilmore,Rafferty,Patrick Gilmore,
marine_nathanson,curtis_caravaggio,Marine Nathanson,Curtis Caravaggio,
vinson,mark_houghton,Vinson,Mark Houghton,
shevon,claudette_mink,Shevon,Claudette Mink,https://www.imdb.com/title/tt0407362/characters/nm0006419
boxey,connor_widdows,Boxey,Connor Widdows,https://www.imdb.com/title/tt0407362/characters/nm0927045
lt_danny_novacek,carl_lumbly,Lt. Danny 'Bulldog' Novacek,Carl Lumbly,https://www.imdb.com/title/tt0407362/characters/nm0525855
carolanne_adama,lucinda_jenney,Carolanne Adama,Lucinda Jenney,https://www.imdb.com/title/tt0407362/characters/nm0421087
phelan,bill_duke,Phelan,Bill Duke,https://www.imdb.com/title/tt0407362/characters/nm0004886
president_richard_adar,colm_feore,President Richard Adar,Colm Feore,https://www.imdb.com/title/tt0407362/characters/nm0272173
commander_barry_garner,john_heard,Commander Barry Garner,John Heard,https://www.imdb.com/title/tt0407362/characters/nm0001334
ensign_brent_baxton,christopher_jacot,Ensign Brent 'BB' Baxton,Christopher Jacot,
page,david_neale,Page,David Neale,
socrata_thrace,dorothy_lyman,Socrata Thrace,Dorothy Lyman,https://www.imdb.com/title/tt0407362/characters/nm0528147
dr_gerard,john_hodgman,Dr. Gerard,John Hodgman,https://www.imdb.com/title/tt0407362/characters/nm1894655
deckhand,axel_green,Deckhand,Axel Green,
wallace_gray,robert_wisden,Wallace Gray,Robert Wisden,
sesha_abinell,dana_delany,Sesha Abinell,Dana Delany,https://www.imdb.com/title/tt0407362/characters/nm0001127
ensign_joseph_clark,sean_j_dory,Ensign Joseph 'JoJo' Clark,Sean J. Dory,
oracle_selloi,amanda_plummer,Oracle Selloi,Amanda Plummer,https://www.imdb.com/title/tt0407362/characters/nm0001625
joe,tom_bower,Joe,Tom Bower,
pollux,samantha_ferris,Pollux,Samantha Ferris,
gianne,amy_lalonde,Gianne,Amy Lalonde,
royan_jahee,paul_perri,Royan Jahee,Paul Perri,
ray_abinell,michael_ryan,Ray Abinell,Michael Ryan,
cpt_marcia_case,stefanie_von_pfetten,Cpt. Marcia 'Showboat' Case,Stefanie von Pfetten,
dr_michael_robert,bruce_davison,Dr. Michael Robert,Bruce Davison,https://www.imdb.com/title/tt0407362/characters/nm0001117
redford,wesley_salter,Redford,Wesley Salter,
wilkens,adrien_dorval,Wilkens,Adrien Dorval,
valance,alex_zahara,Valance,Alex Zahara,
lt_terry_burrell,adrian_g_griffiths,Lt. Terry Burrell,Adrian G. Griffiths,
paya,haley_guiel,Paya,Haley Guiel,
lt_richard_baier,kavan_smith,Lt. Richard 'Buster' Baier,Kavan Smith,
adrien_bauer,graeme_duffy,Adrien Bauer,Graeme Duffy,
emily_kowalski,nana_visitor,Emily Kowalski,Nana Visitor,
seaborne,ron_selmour,Seaborne,Ron Selmour,
lt_george_birch,benjamin_ayres,Lt. George 'Catman' Birch,Benjamin Ayres,
grimes,patrick_gallagher,Grimes,Patrick Gallagher,https://www.imdb.com/title/tt0407362/characters/nm0302466
pilot,stephen_spender,Pilot,Stephen Spender,
civilian,erica_carroll,Civilian,Erica Carroll,
admiral_corman,barry_kennedy,Admiral Corman,Barry Kennedy,https://www.imdb.com/title/tt0407362/characters/nm0447921
linden,john_mann,Linden,John Mann,
rya_kibby,amber_rothwell,Rya Kibby,Amber Rothwell,
sarah_ryan,camille_atebe,Sarah Ryan,Camille Atebe,
knucklehead_dragger_1,jason_bryden,Knucklehead Dragger #1,Jason Bryden,
cabott,jerry_wasserman,Cabott,Jerry Wasserman,https://www.imdb.com/title/tt0407362/characters/nm0913682
nurse_sashon,alana_husband,Nurse Sashon,Alana Husband,
caprica_cleric,bill_meilen,Caprica Cleric,Bill Meilen,
lt_alastair_thorne,fulvio_cecere,Lt. Alastair Thorne,Fulvio Cecere,https://www.imdb.com/title/tt0407362/characters/nm0147661
bell,patrick_harrison,Bell,Patrick Harrison,https://www.imdb.com/title/tt0407362/characters/nm0365798
lt_emmitt_jones,linnea_sharples,Lt. Emmitt 'Sweetness' Jones,Linnea Sharples,
environmental_specialist,james_upton,Environmental Specialist,James Upton,
milo,samuel_patrick_chu,Milo,Samuel Patrick Chu,
oracle_yolanda_brenn,georgia_craig,Oracle Yolanda Brenn,Georgia Craig,
shaunt,shaun_omaid,Shaunt,Shaun Omaid,
naia,rebecca_davis,Naia,Rebecca Davis,
mason,brent_stait,Mason,Brent Stait,
pvt_scott_kelso,kevan_kase,Pvt. Scott Kelso,Kevan Kase,
petty_officer_sian,georgia_hacche,Petty Officer Sian,Georgia Hacche,
pegasus_marine,brad_mann,Pegasus Marine,Brad Mann,
naylin_stans,david_richmondpeck,Naylin Stans,David Richmond-Peck,
danny_noon,bryce_hodgson,Danny Noon,Bryce Hodgson,https://www.imdb.com/title/tt0407362/characters/nm0961093
marine_1,merwin_mondesir,Marine #1,Merwin Mondesir,
marine_corporal,shaw_madson,Marine Corporal,Shaw Madson,
marine_1,graham_young,Marine #1,Graham Young,
staffer,yee_jee_tso,Staffer,Yee Jee Tso,
asha_janik,holly_elissa,Asha Janik,Holly Elissa,
herbalist,gustavo_febres,Herbalist,Gustavo Febres,
hungry_boy,sean_connor_roche,Hungry Boy,Sean Connor Roche,
alan_hughes,tyler_mcclendon,Alan Hughes,Tyler McClendon,https://www.imdb.com/title/tt0407362/characters/nm1553065
derrick,lukas_pummell,Derrick,Lukas Pummell,
marine_2,tammy_gillis,Marine #2,Tammy Gillis,
candace_myson_tribunal,nimet_kanji,Candace Myson - Tribunal,Nimet Kanji,
fireball,paul_cummings,Fireball,Paul Cummings,
marine,jennifer_kitchen,Marine,Jennifer Kitchen,
ensign_abel_thornton,aaron_pearl,Ensign Abel Thornton,Aaron Pearl,
convulsing_pilot,ian_rozylo,Convulsing Pilot,Ian Rozylo,
mrs_king,gabrielle_rose,Mrs. King,Gabrielle Rose,https://www.imdb.com/title/tt0407362/characters/nm0741388
dionne,cherilynn_fulbright,Dionne,Cherilynn Fulbright,
pegasus_guard_1,michael_jonsson,Pegasus Guard #1,Michael Jonsson,
pilot,camille_sullivan,Pilot,Camille Sullivan,
blonde_woman,rachel_hayward,Blonde Woman,Rachel Hayward,
willie_king,scott_little,Willie King,Scott Little,
phoebe,lori_triolo,Phoebe,Lori Triolo,
reporter_2,morris_chapdelaine,Reporter #2,Morris Chapdelaine,
eco_lyla_ellway,tammy_hui,ECO Lyla 'Shark' Ellway,Tammy Hui,
mr_buckminster,aaron_brooks,Mr. Buckminster,Aaron Brooks,
corporal_d_wallace,ivan_cermak,Corporal D. Wallace,Ivan Cermák,
collishaw,garvin_cross,Collishaw,Garvin Cross,
marine,troy_everett,Marine,Troy Everett,
sgt_watkins,nicholas_treeshin,Sgt. Watkins,Nicholas Treeshin,
officer_1,mylene_dinhrobic,Officer #1,Mylène Dinh-Robic,
civvie,james_lafazanos,Civvie,James Lafazanos,
lance_corporal_c_sellers,torrance_coombs,Lance Corporal C. Sellers,Torrance Coombs,
gardener,mario_battista,Gardener,Mario Battista,
bonnington,brad_loree,Bonnington,Brad Loree,
pegasus_sergeant,kimani_ray_smith,Pegasus Sergeant,Kimani Ray Smith,
civvie_2,eliza_norbury,Civvie #2,Eliza Norbury,
woman,francoise_robertson,Woman,Françoise Robertson,
lilly,karen_austin,Lilly,Karen Austin,
adamas_corporal,barry_nerling,Adama's Corporal,Barry Nerling,
offduty_crew_person,samantha_kaine,Off-Duty Crew Person,Samantha Kaine,
twinam,lori_stewart,Twinam,Lori Stewart,
pilot_4,byron_lawson,Pilot #4,Byron Lawson,
ensign_charles_bellamy,kurt_max_runte,Ensign Charles Bellamy,Kurt Max Runte,
suicide_bomber,larissa_stadnichuk,Suicide Bomber,Larissa Stadnichuk,
marine_lieutenant,hector_johnson,Marine Lieutenant,Hector Johnson,
julius_baltar,antony_holland,Julius Baltar,Antony Holland,https://www.imdb.com/title/tt0407362/characters/nm0390604
specialist_parr,adrian_holmes,Specialist Parr,Adrian Holmes,
nurse_barbara,elan_ross_gibson,Nurse Barbara,Elan Ross Gibson,
sandra_roslin,france_perras,Sandra Roslin,France Perras,
cheryl_roslin,sarah_deakins,Cheryl Roslin,Sarah Deakins,
sean_ellison,dan_payne,Sean Ellison,Dan Payne,
reporter_carolyn,tiffany_burns,Reporter Carolyn,Tiffany Burns,
stripper,holly_eglinton,Stripper,Holly Eglinton,
marine_reb,alain_chanoine,Marine Reb,Alain Chanoine,
police_officer,stefanie_samuels,Police Officer,Stefanie Samuels,
pegasus_guard_2,paul_lazenby,Pegasus Guard #2,Paul Lazenby,
pegasus_guard,mercy_saidi,Pegasus Guard,Mercy Saidi,
caprican_dancer,debora_bastos,Caprican Dancer,Debora Bastos,
pyramid_player,jeff_sanca,Pyramid Player,Jeff Sanca,
raptor_pilot,ashley_ball,Raptor Pilot,Ashley Ball,
herbalist,marci_t_house,Herbalist,Marci T. House,
tattooed_pilot,leo_chiang,Tattooed pilot,Leo Chiang,
voice_actor,james_bannon,Voice Actor,James Bannon,
crewman_in_bar,john_hoving,Crewman in bar,John Hoving,
calvin,skylar_tyj,Calvin,Skylar Tyj,
deckhand,douglas_embry,Deckhand,Douglas Embry,
reporter_4,ally_warren,Reporter #4,Ally Warren,
dancer,jeff_dimitriou,Dancer,Jeff Dimitriou,
bystander_at_funeral,michael_angeli,Bystander at Funeral,Michael Angeli,
man_in_hangar_bay,doug_drexler,Man in Hangar Bay,Doug Drexler,
acolyte_1,maria_gallo,Acolyte #1,Maria Gallo,
guest_at_bar,bear_mccreary,Guest at Bar,Bear McCreary,
man_with_magazine,ronald_d_moore,Man with Magazine,Ronald D. Moore,
guest_at_bar,bradley_thompson,Guest at bar,Bradley Thompson,
guest_at_bar,david_weddle,Guest at bar,David Weddle,
