carrie_mathison,claire_danes,Carrie Mathison,Claire Danes,https://www.imdb.com/title/tt1796960/characters/nm0000132
saul_berenson,mandy_patinkin,Saul Berenson,Mandy Patinkin,https://www.imdb.com/title/tt1796960/characters/nm0001597
peter_quinn,rupert_friend,Peter Quinn,Rupert Friend,https://www.imdb.com/title/tt1796960/characters/nm1670029
dar_adal,f_murray_abraham,Dar Adal,F. Murray Abraham,https://www.imdb.com/title/tt1796960/characters/nm0000719
nicholas_brody,damian_lewis,Nicholas Brody,Damian Lewis,https://www.imdb.com/title/tt1796960/characters/nm0507073
max_piotrowski,maury_sterling,Max Piotrowski,Maury Sterling,https://www.imdb.com/title/tt1796960/characters/nm0827561
jessica_brody,morena_baccarin,Jessica Brody,Morena Baccarin,https://www.imdb.com/title/tt1796960/characters/nm1072555
chris_brody,jackson_pace,Chris Brody,Jackson Pace,https://www.imdb.com/title/tt1796960/characters/nm2093138
dana_brody,morgan_saylor,Dana Brody,Morgan Saylor,https://www.imdb.com/title/tt1796960/characters/nm2838320
mike_faber,diego_klattenhoff,Mike Faber,Diego Klattenhoff,https://www.imdb.com/title/tt1796960/characters/nm1459109
president_elizabeth_keane,elizabeth_marvel,President Elizabeth Keane,Elizabeth Marvel,https://www.imdb.com/title/tt1796960/characters/nm0555500
david_estes,david_harewood,David Estes,David Harewood,https://www.imdb.com/title/tt1796960/characters/nm0362873
andrew_lockhart,tracy_letts,Andrew Lockhart,Tracy Letts,https://www.imdb.com/title/tt1796960/characters/nm0504832
virgil_piotrowski,david_marciano,Virgil Piotrowski,David Marciano,https://www.imdb.com/title/tt1796960/characters/nm0545687
mira_berenson,sarita_choudhury,Mira Berenson,Sarita Choudhury,https://www.imdb.com/title/tt1796960/characters/nm0002004
abu_nazir,navid_negahban,Abu Nazir,Navid Negahban,https://www.imdb.com/title/tt1796960/characters/nm1041023
maggie_mathison,amy_hargreaves,Maggie Mathison,Amy Hargreaves,https://www.imdb.com/title/tt1796960/characters/nm0362955
vice_president_william_walden,jamey_sheridan,Vice President William Walden,Jamey Sheridan,https://www.imdb.com/title/tt1796960/characters/nm0792177
fara_sherazi,nazanin_boniadi,Fara Sherazi,Nazanin Boniadi,https://www.imdb.com/title/tt1796960/characters/nm2258164
franny,claire_keane,Franny,Claire Keane,https://www.imdb.com/title/tt1796960/characters/nm8465001
franny,mckenna_keane,Franny,McKenna Keane,https://www.imdb.com/title/tt1796960/characters/nm8465003
danny_galvez,hrach_titizian,Danny Galvez,Hrach Titizian,https://www.imdb.com/title/tt1796960/characters/nm1553955
otto_during,sebastian_koch,Otto Düring,Sebastian Koch,https://www.imdb.com/title/tt1796960/characters/nm0462407
david_wellington,linus_roache,David Wellington,Linus Roache,https://www.imdb.com/title/tt1796960/characters/nm0730070
astrid,nina_hoss,Astrid,Nina Hoss,https://www.imdb.com/title/tt1796960/characters/nm0396125
martha_boyd,laila_robins,Martha Boyd,Laila Robins,https://www.imdb.com/title/tt1796960/characters/nm0732309
allison_carr,miranda_otto,Allison Carr,Miranda Otto,https://www.imdb.com/title/tt1796960/characters/nm0001584
jonas_hollander,alexander_fehling,Jonas Hollander,Alexander Fehling,https://www.imdb.com/title/tt1796960/characters/nm2356421
laura_sutton,sarah_sokolovic,Laura Sutton,Sarah Sokolovic,https://www.imdb.com/title/tt1796960/characters/nm4706451
rob_emmons,hill_harper,Rob Emmons,Hill Harper,https://www.imdb.com/title/tt1796960/characters/nm0004991
brett_okeefe,jake_weber,Brett O'Keefe,Jake Weber,https://www.imdb.com/title/tt1796960/characters/nm0916617
majid_javadi,shaun_toub,Majid Javadi,Shaun Toub,https://www.imdb.com/title/tt1796960/characters/nm0869467
dante_allen,morgan_spector,Dante Allen,Morgan Spector,https://www.imdb.com/title/tt1796960/characters/nm1767528
porteous_belli,cj_wilson,Porteous Belli,C.J. Wilson,
numan,atheer_adel,Numan,Atheer Adel,https://www.imdb.com/title/tt1796960/characters/nm4696667
ivan_krupin,mark_ivanir,Ivan Krupin,Mark Ivanir,https://www.imdb.com/title/tt1796960/characters/nm0411980
tasneem_qureshi,nimrat_kaur,Tasneem Qureshi,Nimrat Kaur,https://www.imdb.com/title/tt1796960/characters/nm1909661
roya_hammad,zuleikha_robinson,Roya Hammad,Zuleikha Robinson,https://www.imdb.com/title/tt1796960/characters/nm0733196
senator_sam_paley,dylan_baker,Senator Sam Paley,Dylan Baker,https://www.imdb.com/title/tt1796960/characters/nm0048414
john_redmond,michael_okeefe,John Redmond,Michael O'Keefe,https://www.imdb.com/title/tt1796960/characters/nm0001574
simone_martin,sandrine_holt,Simone Martin,Sandrine Holt,https://www.imdb.com/title/tt1796960/characters/nm0002142
frank_mathison,james_rebhorn,Frank Mathison,James Rebhorn,https://www.imdb.com/title/tt1796960/characters/nm0714310
agent_thoms,james_mount,Agent Thoms,James Mount,https://www.imdb.com/title/tt1796960/characters/nm1071397
finn_walden,timothee_chalamet,Finn Walden,Timothée Chalamet,https://www.imdb.com/title/tt1796960/characters/nm3154303
aayan_ibrahim,suraj_sharma,Aayan Ibrahim,Suraj Sharma,https://www.imdb.com/title/tt1796960/characters/nm4139037
dennis_boyd,mark_moses,Dennis Boyd,Mark Moses,https://www.imdb.com/title/tt1796960/characters/nm0608601
aasar_khan,raza_jaffrey,Aasar Khan,Raza Jaffrey,https://www.imdb.com/title/tt1796960/characters/nm1203005
sandy_langmore,catherine_curtin,Sandy Langmore,Catherine Curtin,https://www.imdb.com/title/tt1796960/characters/nm0193160
haissam_haqqani,numan_acar,Haissam Haqqani,Numan Acar,https://www.imdb.com/title/tt1796960/characters/nm1485637
bibi_hamed,rene_ifrah,Bibi Hamed,René Ifrah,https://www.imdb.com/title/tt1796960/characters/nm1035548
etai_luskin,allan_corduner,Etai Luskin,Allan Corduner,https://www.imdb.com/title/tt1796960/characters/nm0179680
tom_walker,chris_chalk,Tom Walker,Chris Chalk,
qasim,alireza_bayram,Qasim,Alireza Bayram,https://www.imdb.com/title/tt1796960/characters/nm3063648
thomas_anson,james_darcy,Thomas Anson,James D'Arcy,
reda_hashem,patrick_sabongui,Reda Hashem,Patrick Sabongui,https://www.imdb.com/title/tt1796960/characters/nm1150775
yevgeny_gromov,costa_ronin,Yevgeny Gromov,Costa Ronin,https://www.imdb.com/title/tt1796960/characters/nm2687923
scott_ryan,tim_guinee,Scott Ryan,Tim Guinee,https://www.imdb.com/title/tt1796960/characters/nm0347375
kiran,shavani_cameron,Kiran,Shavani Cameron,
bill_dunn,mackenzie_astin,Bill Dunn,Mackenzie Astin,
clint_prower,peter_vack,Clint Prower,Peter Vack,
utku,erol_afsin,Utku,Erol Afsin,https://www.imdb.com/title/tt1796960/characters/nm4509417
xander,taylor_kowalski,Xander,Taylor Kowalski,https://www.imdb.com/title/tt1796960/characters/nm1989804
ray_conlin,dominic_fumusa,Ray Conlin,Dominic Fumusa,https://www.imdb.com/title/tt1796960/characters/nm1047883
general_jamie_mcclendon,robert_knepper,General Jamie McClendon,Robert Knepper,https://www.imdb.com/title/tt1796960/characters/nm0460694
janet_bayne,ellen_adair,Janet Bayne,Ellen Adair,
mills,micah_hauptman,Mills,Micah Hauptman,https://www.imdb.com/title/tt1796960/characters/nm1275916
aileen_morgan,marin_ireland,Aileen Morgan,Marin Ireland,
alan_bernard,william_abadie,Alan Bernard,William Abadie,
josie_mathisondunn,courtney_grosbeck,Josie Mathison-Dunn,Courtney Grosbeck,https://www.imdb.com/title/tt1796960/characters/nm4476924
major_joy_mendez,valerie_cruz,Major Joy Mendez,Valerie Cruz,
doxie,cle_bennett,Doxie,Clé Bennett,
lauder_wakefield,marc_menchaca,Lauder Wakefield,Marc Menchaca,
carter_bennet,ari_fliakos,Carter Bennet,Ari Fliakos,
hans_podolski,sebastian_hulk,Hans Podolski,Sebastian Hülk,https://www.imdb.com/title/tt1796960/characters/nm1389891
sekou_bah,j_mallory_mccree,Sekou Bah,J. Mallory McCree,https://www.imdb.com/title/tt1796960/characters/nm3402769
korzenik,sven_schelker,Korzenik,Sven Schelker,
aby_bah,zainab_jah,Aby Bah,Zainab Jah,
joe_crocker,john_getz,Joe Crocker,John Getz,
hank_wonham,alex_lanipekun,Hank Wonham,Alex Lanipekun,https://www.imdb.com/title/tt1796960/characters/nm1246448
bunny_latif,art_malik,Bunny Latif,Art Malik,https://www.imdb.com/title/tt1796960/characters/nm0539562
simone_bah,ashlei_sharpe_chestnut,Simone Bah,Ashlei Sharpe Chestnut,https://www.imdb.com/title/tt1796960/characters/nm6569232
christine_lonas,marin_hinkle,Christine Lonas,Marin Hinkle,
conrad_fuller,morocco_omari,Conrad Fuller,Morocco Omari,https://www.imdb.com/title/tt1796960/characters/nm0648339
alan_hensleigh,nick_boraine,Alan Hensleigh,Nick Boraine,
cynthia_walden,talia_balsam,Cynthia Walden,Talia Balsam,
leo_carras,sam_underwood,Leo Carras,Sam Underwood,https://www.imdb.com/title/tt1796960/characters/nm3862996
sharon_aldright,lesli_margherita,Sharon Aldright,Lesli Margherita,
parvez,meren_reddy,Parvez,Meren Reddy,
saad_mahsud,leo_manzari,Saad Mahsud,Leo Manzari,
reiko_umon,julee_cerda,Reiko Umon,Julee Cerda,https://www.imdb.com/title/tt1796960/characters/nm2410458
special_agent_hall,billy_smith,Special Agent Hall,Billy Smith,
bnd_officer_adler,martin_wuttke,BND Officer Adler,Martin Wuttke,
farhad_ghazi,tamer_burjaq,Farhad Ghazi,Tamer Burjaq,
vice_president_ralph_warner,beau_bridges,Vice President Ralph Warner,Beau Bridges,https://www.imdb.com/title/tt1796960/characters/nm0000977
tech,gary_green,Tech,Gary Green,
betsy_kenny,allie_mcculloch,Betsy Kenny,Allie McCulloch,
hanif,reza_brojerdi,Hanif,Reza Brojerdi,
driver,gary_ayash,Driver,Gary Ayash,
agent_maslin,matt_servitto,Agent Maslin,Matt Servitto,
elizabeth_gaines,linda_purl,Elizabeth Gaines,Linda Purl,
george_pallis,david_thornton,George Pallis,David Thornton,https://www.imdb.com/title/tt1796960/characters/nm0861513
farhad_nafisi,bernard_white,Farhad Nafisi,Bernard White,
dr_meyer,sakina_jaffrey,Dr. Meyer,Sakina Jaffrey,
rahim,akshay_kumar,Rahim,Akshay Kumar,
viktor,elya_baskin,Viktor,Elya Baskin,https://www.imdb.com/title/tt1796960/characters/nm0059946
nate_joseph,seth_numrich,Nate Joseph,Seth Numrich,
raqim_faisel,omid_abtahi,Raqim Faisel,Omid Abtahi,
bo_elkins,david_maldonado,Bo Elkins,David Maldonado,https://www.imdb.com/title/tt1796960/characters/nm1296223
tova_rivlin,hadar_ratzon_rotem,Tova Rivlin,Hadar Ratzon Rotem,https://www.imdb.com/title/tt1796960/characters/nm2739673
helen_walker,afton_williamson,Helen Walker,Afton Williamson,
mirov,merab_ninidze,Mirov,Merab Ninidze,
stein,william_popp,Stein,William Popp,
mansour_alzahrani,ramsey_faragallah,Mansour Al-Zahrani,Ramsey Faragallah,https://www.imdb.com/title/tt1796960/characters/nm0267009
mm,mido_hamada,M.M.,Mido Hamada,https://www.imdb.com/title/tt1796960/characters/nm1715024
clarice,mickey_ohagan,Clarice,Mickey O'Hagan,
jj_elkins,colton_ryan,J.J. Elkins,Colton Ryan,https://www.imdb.com/title/tt1796960/characters/nm8961313
paul_franklin,jason_butler_harner,Paul Franklin,Jason Butler Harner,
brian_chase,aidan_whytock,Brian Chase,Aidan Whytock,
michael_higgins,william_sadler,Michael Higgins,William Sadler,
jim,damian_young,Jim,Damian Young,
latif_bin_walid,alok_tewari,Latif Bin Walid,Alok Tewari,
qadir,zahir_bassa,Qadir,Zahir Bassa,
hussein,mehdi_nebbou,Hussein,Mehdi Nebbou,
dr_troy_richardson,gary_wilmes,Dr. Troy Richardson,Gary Wilmes,
navid,ahmed_lucan,Navid,Ahmed Lucan,
pittman,jason_hatfield,Pittman,Jason Hatfield,
cia_tech,jason_davis,CIA Tech,Jason Davis,
mary_elkins,annie_humphrey,Mary Elkins,Annie Humphrey,https://www.imdb.com/title/tt1796960/characters/nm1621965
aide_to_estes,viviana_chavez,Aide to Estes,Viviana Chavez,
zaheer,tamer_arslan,Zaheer,Tamer Arslan,
tv_anchor,max_volkert_martens,TV Anchor,Max Volkert Martens,
female_marine,candice_darcy,Female Marine,Candice D'Arcy,
thompson,jessica_dickey,Thompson,Jessica Dickey,
anchor,caroline_renfro,Anchor,Caroline Renfro,
police_commander,matthias_gall,Police Commander,Matthias Gall,
news_anchor,laura_french,News Anchor,Laura French,
audience_member,derrick_worsley,Audience Member,Derrick Worsley,
landlady,emily_walker,Landlady,Emily Walker,
general_rossen,fredric_lehne,General Rossen,Fredric Lehne,https://www.imdb.com/title/tt1796960/characters/nm0499791
fariba_javadi,mary_apick,Fariba Javadi,Mary Apick,
marjorie_diehl,deborah_hedwall,Marjorie Diehl,Deborah Hedwall,
dorit,jacqueline_antaramian,Dorit,Jacqueline Antaramian,
major_foster,scott_bryce,Major Foster,Scott Bryce,
dr_emory,rus_blackwell,Dr. Emory,Rus Blackwell,
roger,ian_kahn,Roger,Ian Kahn,https://www.imdb.com/title/tt1796960/characters/nm0434845
tailor,nasser_faris,Tailor,Nasser Faris,https://www.imdb.com/title/tt1796960/characters/nm0267503
mitchell_clawson,chance_kelly,Mitchell Clawson,Chance Kelly,
masud_sherazi,david_diaan,Masud Sherazi,David Diaan,
dr_aman_aziz,rachid_sabitri,Dr. Aman Aziz,Rachid Sabitri,https://www.imdb.com/title/tt1796960/characters/nm1544603
larry,james_urbaniak,Larry,James Urbaniak,
prince_farid_bin_abbud,amir_arison,Prince Farid Bin Abbud,Amir Arison,
senator_elian_coto,alfredo_narciso,Senator Elian Coto,Alfredo Narciso,https://www.imdb.com/title/tt1796960/characters/nm1283912
imam_rafan_gohar,sammy_sheik,Imam Rafan Gohar,Sammy Sheik,
danesh_akbari,houshang_touzie,Danesh Akbari,Houshang Touzie,
samir_khalil,makram_khoury,Samir Khalil,Makram Khoury,
hafez_azizi,donnie_keshawarz,Hafez 'A-Z' Azizi,Donnie Keshawarz,
erna_richter,stefanie_mueller,Erna Richter,Stefanie Mueller,
boris,steve_nicolson,Boris,Steve Nicolson,
fatima_ali,clara_khoury,Fatima Ali,Clara Khoury,
leland_bennett,martin_donovan,Leland Bennett,Martin Donovan,https://www.imdb.com/title/tt1796960/characters/nm0233027
susan_roberts,emily_donahoe,Susan Roberts,Emily Donahoe,
el_nino,manny_perez,El Nino,Manny Perez,https://www.imdb.com/title/tt1796960/characters/nm0673563
yousef_turani,jared_farid_ward,Yousef Turani,Jared Farid Ward,
franny,luna_pfitzer,Franny,Luna Pfitzer,https://www.imdb.com/title/tt1796960/characters/nm7631545
rachel_crofts,orlagh_cassidy,Rachel Crofts,Orlagh Cassidy,
attorney_general_hoberman,barbara_rosenblat,Attorney General Hoberman,Barbara Rosenblat,
sanders,charles_borland,Sanders,Charles Borland,
dr_cass_winthrop,stephen_schnetzer,Dr. Cass Winthrop,Stephen Schnetzer,
josie,tal_raviv,Josie,Tal Raviv,
ahmed_nazari,darwin_shaw,Ahmed Nazari,Darwin Shaw,https://www.imdb.com/title/tt1796960/characters/nm0787430
charlotte,jennifer_ferrin,Charlotte,Jennifer Ferrin,
andy_burke,justin_kucsulain,Andy Burke,Justin Kucsulain,
lynne_reed,brianna_brown,Lynne Reed,Brianna Brown,https://www.imdb.com/title/tt1796960/characters/nm0113158
josh_modarres,walid_amini,Josh Modarres,Walid Amini,
abby,marcia_debonis,Abby,Marcia DeBonis,
alamin,george_georgiou,Al-Amin,George Georgiou,https://www.imdb.com/title/tt1796960/characters/nm1745190
franny,lotta_pfitzer,Franny,Lotta Pfitzer,https://www.imdb.com/title/tt1796960/characters/nm7631546
tommy,bobby_moreno,Tommy,Bobby Moreno,
trent,bradford_anderson,Trent,Bradford Anderson,
greg_merriles,alexander_gemignani,Greg Merriles,Alexander Gemignani,
marine_sergeant,anton_david_jeftha,Marine Sergeant,Anton David Jeftha,
ruby,lee_raviv,Ruby,Lee Raviv,https://www.imdb.com/title/tt1796960/characters/nm5953245
kirans_father,riaz_solker,Kiran's Father,Riaz Solker,
audrey_navarro,tricia_paoluccio,Audrey Navarro,Tricia Paoluccio,
richard_halsted,larry_pine,Richard Halsted,Larry Pine,
matt,reggie_austin,Matt,Reggie Austin,
stacy_moore,melissa_benoist,Stacy Moore,Melissa Benoist,
inez,jeanette_dilone,Inez,Jeanette Dilone,
eric_baraz,jaylen_moore,Eric Baraz,Jaylen Moore,
drone_operator,justin_munitz,Drone Operator,Justin Munitz,
maddie,chelsea_cardwell,Maddie,Chelsea Cardwell,
nurse,nicole_sherwin,Nurse,Nicole Sherwin,
lucas_walker,jaden_harmon,Lucas Walker,Jaden Harmon,
faisal_marwan,ercan_durmaz,Faisal Marwan,Ercan Durmaz,https://www.imdb.com/title/tt1796960/characters/nm0244225
arthur_rubin,christian_serritiello,Arthur Rubin,Christian Serritiello,
ruby_mathison,renee_st_gelais,Ruby Mathison,Renee St. Gelais,
susan,debra_terry,Susan,Debra Terry,
amanda_lambert,jennifer_marsala,Amanda Lambert,Jennifer Marsala,
dave_weissman,jack_solomon,Dave Weissman,Jack Solomon,
fbi_agent_goodman,cory_hart,FBI Agent Goodman,Cory Hart,
lupe,rose_bianco,Lupe,Rose Bianco,
aram,mehul_shah,Aram,Mehul Shah,
nanny,jo_dee_butler,Nanny,Jo Dee Butler,
latisha,elena_hurst,Latisha,Elena Hurst,https://www.imdb.com/title/tt1796960/characters/nm0403675
elizabeth_chu,vickie_eng,Elizabeth Chu,Vickie Eng,
estes_aide,jay_gates,Estes Aide,Jay Gates,
cleric,jamal_mukaddam,Cleric,Jamal Mukaddam,
josie_mathison,rachel_st_gelais,Josie Mathison,Rachel St. Gelais,
katja,anna_herrmann,Katja,Anna Herrmann,
newscaster,katharina_schlothauer,Newscaster,Katharina Schlothauer,
ellen_lichter,charmin_lee,Ellen Lichter,Charmin Lee,https://www.imdb.com/title/tt1796960/characters/nm0496980
pres_aide_ashley,cara_reid,Pres. Aide Ashley,Cara Reid,
hagan,matthew_streeter,Hagan,Matthew Streeter,
agent_rice,juanpablo_veizaga,Agent Rice,Juan-Pablo Veizaga,
mrs_tanya_shepherd,peggy_sheffield,Mrs. Tanya Shepherd,Peggy Sheffield,
fbi_swat_team_leader,jeff_albertson,FBI Swat Team Leader,Jeff Albertson,
massey,nick_ritacco,Massey,Nick Ritacco,
officer_jeffries,isaiah_stratton,Officer Jeffries,Isaiah Stratton,
martinez,blas_sien_diaz,Martinez,Blas Sien Diaz,
during_receptionist,noemi_besedes,Düring Receptionist,Noémi Besedes,
us_attorney_ortiz,debbie_troche,U.S. Attorney Ortiz,Debbie Troche,
cia_driver,cal_johnson,CIA Driver,Cal Johnson,
gene,terry_dale_parks,Gene,Terry Dale Parks,
drone_officer,lemogang_tsipa,Drone Officer,Lemogang Tsipa,
reporter_tom,kelly_miller,Reporter Tom,Kelly Miller,
reporter_1,jenna_wolfe,Reporter #1,Jenna Wolfe,
reporter_3,obaid_kadwani,Reporter #3,Obaid Kadwani,
adama,nikki_massoud,Adama,Nikki Massoud,
palestinian_policeman,mouhcine_malzi,Palestinian Policeman,Mouhcine Malzi,
bahar,amal_essaqr,Bahar,Amal Essaqr,
jeff,daniel_newman,Jeff,Daniel Newman,
secret_service_agent,kendrick_cross,Secret Service Agent,Kendrick Cross,
english_interpreter,karen_gagnon,English Interpreter,Karen Gagnon,
cnb_news_anchor,kristen_mcfann,CNB News Anchor,Kristen McFann,
rudy_mccoy,jonah_lotan,Rudy McCoy,Jonah Lotan,
orderly,stephen_caudill,Orderly,Stephen Caudill,
prison_guard,jose_guns_alves,Prison Guard,Jose Guns Alves,
police_officer,adam_vernier,Police Officer,Adam Vernier,
aide,bradley_nnadi,Aide,Bradley Nnadi,
er_nurse,dreah_marie,ER Nurse,Dreah Marie,
frankie_podesta,yael_sharoni,Frankie Podesta,Yael Sharoni,
cooper,sammy_voit,Cooper,Sammy Voit,
exterior_prison_guard,javon_davis,Exterior Prison Guard,Javon Davis,
reporter,elle_emerson,Reporter,Elle Emerson,
white_house_correspondent,lucas_n_hall,White House Correspondent,Lucas N. Hall,
fbi_agent,jb_torres_medina,FBI Agent,JB Torres Medina,
reporter,kelly_l_moran,Reporter,Kelly L. Moran,
secret_service,william_g_tomek,Secret Service,William G. Tomek,
ellen_mathison,victoria_clark,Ellen Mathison,Victoria Clark,https://www.imdb.com/title/tt1796960/characters/nm0164594
jordan_harris,adam_godley,Jordan Harris,Adam Godley,
rhonda,adrienne_c_moore,Rhonda,Adrienne C. Moore,
mercedes_acosta,rachel_ticotin,Mercedes Acosta,Rachel Ticotin,
olivia,francesca_faridany,Olivia,Francesca Faridany,
congressman_richard_johnson,joe_urla,Congressman Richard Johnson,Joe Urla,
detective_calvin_johnson,clark_johnson,Detective Calvin Johnson,Clark Johnson,https://www.imdb.com/title/tt1796960/characters/nm0424800
dick,terry_maratos,Dick,Terry Maratos,
rob,michael_mccoll,Rob,Michael McColl,
aaron,patrick_st_esprit,Aaron,Patrick St. Esprit,
hajik,jarreth_j_merz,Hajik,Jarreth J. Merz,
rudy,chris_coy,Rudy,Chris Coy,
jackie_goodman,chinasa_ogbuagu,Jackie Goodman,Chinasa Ogbuagu,https://www.imdb.com/title/tt1796960/characters/nm2425789
lawrence_odonnell,lawrence_odonnell,Lawrence O'Donnell,Lawrence O'Donnell,
russ,joe_ward,Russ,Joe Ward,
naser,anthony_azizi,Naser,Anthony Azizi,
president_morse,alan_dale,President Morse,Alan Dale,https://www.imdb.com/title/tt1796960/characters/nm0197638
frank_kolacek,gabe_fazio,Frank Kolacek,Gabe Fazio,
josh,alex_hurt,Josh,Alex Hurt,
fbi_director_stendig,brian_oneill,FBI Director Stendig,Brian O'Neill,
senator_richard_eames,geoff_pierson,Senator Richard Eames,Geoff Pierson,
issa_nazir,rohan_chand,Issa Nazir,Rohan Chand,
kyle_galyean,trent_dawson,Kyle Galyean,Trent Dawson,
clerk,bridget_gethins,Clerk,Bridget Gethins,
major_general_tony_trujillo,nestor_serrano,Major General Tony Trujillo,Nestor Serrano,
esme,martina_garcia,Esme,Martina García,https://www.imdb.com/title/tt1796960/characters/nm0306357
shopkeeper,jovan_muthray,Shopkeeper,Jòvan Muthray,
billy,joseph_mydell,Billy,Joseph Mydell,
dr_helen_byatt,fiona_ramsay,Dr. Helen Byatt,Fiona Ramsay,
mike_brown,max_beesley,Mike Brown,Max Beesley,https://www.imdb.com/title/tt1796960/characters/nm0066586
general_youssef,igal_naor,General Youssef,Igal Naor,https://www.imdb.com/title/tt1796960/characters/nm0620981
esam,ori_yaniv,Esam,Ori Yaniv,https://www.imdb.com/title/tt1796960/characters/nm3716229
dr_schouten,david_adkins,Dr. Schouten,David Adkins,
security_officer,christian_keiber,Security Officer,Christian Keiber,
detective,kim_sykes,Detective,Kim Sykes,
william_pritchard,remy_auberjonois,William Pritchard,Remy Auberjonois,
chip_shooter_haigh,sherman_howard,Chip Shooter Haigh,Sherman Howard,
afsal_hamid,waleed_zuaiter,Afsal Hamid,Waleed Zuaiter,
doctor,erik_dellums,Doctor,Erik Dellums,
erin_kimball,amy_morton,Erin Kimball,Amy Morton,
sf_1,tyrone_keogh,S.F. #1,Tyrone Keogh,
tim,callan_mcauliffe,Tim,Callan McAuliffe,
sandy_bachman,corey_stoll,Sandy Bachman,Corey Stoll,https://www.imdb.com/title/tt1796960/characters/nm1015684
sabine,janina_blohmsievers,Sabine,Janina Blohm-Sievers,https://www.imdb.com/title/tt1796960/characters/nm4800849
bnd_officer_keller,rainer_bock,BND Officer Keller,Rainer Bock,
behruz,mousa_kraish,Behruz,Mousa Kraish,
christopher,philip_casnoff,Christopher,Philip Casnoff,
martha_raddatz,martha_raddatz,Martha Raddatz,Martha Raddatz,
russian_singer,marina_chello,Russian Singer,Marina Chello,
carl,david_neal_levin,Carl,David Neal Levin,
reporter,israel_balderas,Reporter,Israel Balderas,
young_man,gabe_begneaud,Young Man,Gabe Begneaud,
dr_jeremy,benjamin_pelteson,Dr. Jeremy,Benjamin Pelteson,
dr_harlan,david_aaron_baker,Dr. Harlan,David Aaron Baker,
captain_lonza,vincent_irizarry,Captain Lonza,Vincent Irizarry,https://www.imdb.com/title/tt1796960/characters/nm0410029
david_portillo,pedro_pascal,David Portillo,Pedro Pascal,
mossad_agent,jeff_seymour,Mossad Agent,Jeff Seymour,
dale,scot_cooper,Dale,Scot Cooper,
sf_2,dylan_edy,S.F. #2,Dylan Edy,
jg_edgars,bradley_james,J.G. Edgars,Bradley James,
cop,mahmood_muhammed,Cop,Mahmood Muhammed,
uters_wife,reymonde_amsallem,Üter's Wife,Reymonde Amsallem,
waleed,assaad_bouab,Waleed,Assaad Bouab,
igal,oshri_cohen,Igal,Oshri Cohen,
scott,william_r_moses,Scott,William R. Moses,
tatiana,carol_schuler,Tatiana,Carol Schuler,
concierge,robert_schupp,Concierge,Robert Schupp,
esu_captain_wilson,robert_t_bogue,ESU Captain Wilson,Robert T. Bogue,
policeman,jacinto_taras_riddick,Policeman,Jacinto Taras Riddick,
clayton,thomas_g_waites,Clayton,Thomas G. Waites,
bo_hall,michael_h_cole,Bo Hall,Michael H. Cole,
isabel_samler,elizabeth_franz,Isabel Samler,Elizabeth Franz,
sniper,michael_killian,Sniper,Michael Killian,
jeff,james_allen_mccune,Jeff,James Allen McCune,
gloria_the_nurse,gina_stewart,Gloria the Nurse,Gina Stewart,
robert_valence,david_bishins,Robert Valence,David Bishins,
jeff_ricker,john_cariani,Jeff Ricker,John Cariani,
officer_julia_diaz,daniella_pineda,Officer Julia Diaz,Daniella Pineda,
yousef,bobak_bakhtiari,Yousef,Bobak Bakhtiari,
clerk,buzz_bovshow,Clerk,Buzz Bovshow,
store_owner,shabbir_ahmed,Store Owner,Shabbir Ahmed,
tom,lance_elliot,Tom,Lance Elliot,
waitress,lisa_greenstein,Waitress,Lisa Greenstein,
general_josiah_loch,pope_jerrod,General Josiah Loch,Pope Jerrod,
doctor,kevin_otto,Doctor,Kevin Otto,
private_bryce,thabo_rametsi,Private Bryce,Thabo Rametsi,
mrs_youssef,darina_al_joundi,Mrs. Youssef,Darina Al Joundi,
tech_1,sascha_quade,Tech #1,Sascha Quade,
colonel_haugen,tobias_santelmann,Colonel Haugen,Tobias Santelmann,
general,john_bolger,General,John Bolger,
nicki,erin_darke,Nicki,Erin Darke,
viktor,ronald_guttman,Viktor,Ronald Guttman,https://www.imdb.com/title/tt1796960/characters/nm0349749
amir_bastami,alain_washnevsky,Amir Bastami,Alain Washnevsky,
jim_lippard,james_lloyd_reynolds,Jim Lippard,James Lloyd Reynolds,
officer_headlee,taylor_sele,Officer Headlee,Taylor Selé,
zahira_gohar,hend_ayoub,Zahira Gohar,Hend Ayoub,
calhoun,jeremiah_birkett,Calhoun,Jeremiah Birkett,
jessicas_friend,annika_boras,Jessica's Friend,Annika Boras,
federale,viktor_hernandez,Federale,Viktor Hernandez,
cnn_producer,gaby_hoffmann,CNN Producer,Gaby Hoffmann,
sweeper,ronald_ogden,Sweeper,Ronald Ogden,
reporter_at_farragut_square,laura_palka,Reporter at Farragut Square,Laura Palka,
mike,alon_aboutboul,Mike,Alon Aboutboul,
rex_henning,john_finn,Rex Henning,John Finn,
admiral,lawrence_clayton,Admiral,Lawrence Clayton,
nassrin,naz_deravian,Nassrin,Naz Deravian,
angela,kimberley_drummond,Angela,Kimberley Drummond,
forensic_tech,brett_gentile,Forensic Tech,Brett Gentile,
banker_one,robert_newman,Banker One,Robert Newman,https://www.imdb.com/title/tt1796960/characters/nm0628242
woman,claire_berlein,Woman,Claire Berlein,
clark_russel,carl_beukes,Clark Russel,Carl Beukes,
dr_malik_gorshani,peter_butler,Dr. Malik Gorshani,Peter Butler,
contractor,kenneth_fok,Contractor,Kenneth Fok,
joint_terminal_attack_controller,james_gracie,Joint Terminal Attack Controller,James Gracie,
soldier,assad_raja,Soldier,Assad Raja,
young_analyst,luke_tyler,Young Analyst,Luke Tyler,
kirans_mother,kira_wilkinson,Kiran's Mother,Kira Wilkinson,
claudia,emily_cox,Claudia,Emily Cox,
sheik_hafiz,samir_fuchs,Sheik Hafiz,Samir Fuchs,https://www.imdb.com/title/tt1796960/characters/nm1871313
tech_2,eva_maria_jost,Tech #2,Eva Maria Jost,
cameraman,tim_kalkhof,Cameraman,Tim Kalkhof,
fatima,atossa_leoni,Fatima,Atossa Leoni,
reporter,greg_mckenzie,Reporter,Greg Mckenzie,
agent_loya,roberto_de_felice,Agent Loya,Roberto De Felice,
judge_liam_curran,adam_grupper,Judge Liam Curran,Adam Grupper,
mina_becker,natacha_karam,Mina Becker,Natacha Karam,
deputy_chief_jansen,gary_perez,Deputy Chief Jansen,Gary Perez,https://www.imdb.com/title/tt1796960/characters/nm0673496
ronald,aj_shively,Ronald,A.J. Shively,
the_jeweler,dov_tiefenbach,The Jeweler,Dov Tiefenbach,https://www.imdb.com/title/tt1796960/characters/nm0862820
asac_agent,carey_van_driest,ASAC Agent,Carey Van Driest,
tom,todd_cerveris,Tom,Todd Cerveris,
wallace,dane_rhodes,Wallace,Dane Rhodes,
madison_bell,thomas_schall,Madison Bell,Thomas Schall,
judge_jeffrey_turner,michael_mckean,Judge Jeffrey Turner,Michael McKean,
cashier,elizabeth_potthast,Cashier,Elizabeth Potthast,
patron_in_diner,tom_turbiville,Patron in Diner,Tom Turbiville,
james_carrington,zach_appelman,James Carrington,Zach Appelman,
lebanese_officer,danny_boushebel,Lebanese Officer,Danny Boushebel,
secret_service_passenger,robert_brubaker,Secret Service Passenger,Robert Brubaker,
chaplin,seth_gilliam,Chaplin,Seth Gilliam,
kenny_estes,deangelo_harris,Kenny Estes,DeAngelo Harris,
sloane_nelson,edelen_mcwilliams,Sloane Nelson,Edelen McWilliams,
tac_team_leader,dane_northcutt,TAC Team Leader,Dane Northcutt,
warden_jack_pritchard,victor_slezak,Warden Jack Pritchard,Victor Slezak,
reporter,fiona_choi,Reporter,Fiona Choi,
partner,keith_flippen,Partner,Keith Flippen,
grandma,joanna_merlin,Grandma,Joanna Merlin,
mr_sherazi,parviz_sayyad,Mr. Sherazi,Parviz Sayyad,
irgc_interrogator,eyas_younis,IRGC Interrogator,Eyas Younis,
haji,irshaad_ally,Haji,Irshaad Ally,
babar,ali_mahmood_bukhari,Babar,Ali Mahmood Bukhari,
infrantry_major,shahir_chundra,Infrantry Major,Shahir Chundra,
burqa,hemali_jutapillay,Burqa,Hemali Juta-Pillay,
security_guard,vaughn_lucas,Security Guard,Vaughn Lucas,
interviewer,bhavna_singh,Interviewer,Bhavna Singh,
shatha_khalil,sarah_agha,Shatha Khalil,Sarah Agha,
polygrapher,matthew_bates,Polygrapher,Matthew Bates,
philipp_becker,torben_liebrecht,Philipp Becker,Torben Liebrecht,
wilhelm,max_urlacher,Wilhelm,Max Urlacher,
distinctive_mask_guy,tomveit_weber,Distinctive Mask Guy,Tom-Veit Weber,
police_officer,carolyn_baeumler,Police Officer,Carolyn Baeumler,
steve_beverly,vin_knight,Steve Beverly,Vin Knight,
danny_jones,neal_matarazzo,Danny Jones,Neal Matarazzo,
andrew_keane,ryan_shibley,Andrew Keane,Ryan Shibley,
judge_julius_randolph,robert_catrini,Judge Julius Randolph,Robert Catrini,
general_yakushin,misha_kuznetsov,General Yakushin,Misha Kuznetsov,
dan,adam_boyer,Dan,Adam Boyer,
delta_commander,jeremy_harrison,Delta Commander,Jeremy Harrison,
agent_kandarian,sebastian_la_cause,Agent Kandarian,Sebastian La Cause,
demmie,lisa_varga,Demmie,Lisa Varga,
ahmed,neema_atri,Ahmed,Neema Atri,
newscaster,kim_dean,Newscaster,Kim Dean,
waitress,nneoma_nkuku,Waitress,Nneoma Nkuku,
navy_seal_1,paul_andrew_oconnor,Navy SEAL 1,Paul Andrew O'Connor,
rashid,asif_taj,Rashid,Asif Taj,
dariush_rahimi,khalid_benchagra,Dariush Rahimi,Khalid Benchagra,
patricia_cooper,stephanie_j_block,Patricia Cooper,Stephanie J. Block,https://www.imdb.com/title/tt1796960/characters/nm1984556
general_pfister,peter_bradbury,General Pfister,Peter Bradbury,
waitress,gezell_fleming,Waitress,Gezell Fleming,
paco,carlos_olivieri,Paco,Carlos Olivieri,
mimi,elle_richardson,Mimi,Elle Richardson,
vendor,mogamatdien_basadien,Vendor,Mogamatdien Basadien,
bill_franzen,neil_coppen,Bill Franzen,Neil Coppen,
marine_sergeant,craig_hawks,Marine Sergeant,Craig Hawks,
pakistani_news_anchor,tufail_khan,Pakistani News Anchor,Tufail Khan,
marwand,roberto_meyer,Marwand,Roberto Meyer,
theo,marc_benjamin,Theo,Marc Benjamin,
abdullah,eray_egilmez,Abdullah,Eray Egilmez,
dmitri,konstantin_frolov,Dmitri,Konstantin Frolov,
jana,luise_heyer,Jana,Luise Heyer,
hacker_1,tomasz_robak,Hacker #1,Tomasz Robak,
analyst,stacey_swift,Analyst,Stacey Swift,
gabi,shai_vaknine,Gabi,Shai Vaknine,
officer_jensen,stephen_beach,Officer Jensen,Stephen Beach,
liz_nash,celeste_den,Liz Nash,Celeste Den,
homeless_man,arthur_french,Homeless Man,Arthur French,
tina_meyers,felicia_greenfield,Tina Meyers,Felicia Greenfield,
hakim,kade_wise,Hakim,Kade Wise,
jerome_jr,dane_davenport,Jerome Jr.,Dane Davenport,
local_police_officer,erica_frene,Local Police Officer,Erica Frene,
judge,julian_gamble,Judge,Julian Gamble,
officer_jarewski,christopher_jon_gombos,Officer Jarewski,Christopher Jon Gombos,
kira_korrigan,liz_mcgeever,Kira Korrigan,Liz McGeever,
aleksandr,yosef_podolski,Aleksandr,Yosef Podolski,
sidney,bob_elkins,Sidney,Bob Elkins,
faisels_assistant,rebecca_koon,Faisel's Assistant,Rebecca Koon,
reporter,jeff_wicker,Reporter,Jeff Wicker,
navy_seal_2,peter_allende,Navy SEAL 2,Peter Allende,
paris,lucius_baston,Paris,Lucius Baston,
omar,raja_deka,Omar,Raja Deka,
reynolds,shelton_grant,Reynolds,Shelton Grant,
driver,james_g_martin_jr,Driver,James G. Martin Jr.,
fbi_liason,paul_rolfes,FBI Liason,Paul Rolfes,
police_officer,scott_thomas,Police Officer,Scott Thomas,
gyn,cindy_cheung,GYN,Cindy Cheung,
olivia,autumn_dial,Olivia,Autumn Dial,
akbaris_guard,ames_el_akil,Akbari's Guard,Ames El Akil,
judge_robert_strauss,david_fonteno,Judge Robert Strauss,David Fonteno,
imam,rafael_fuentes,Imam,Rafael Fuentes,
lorraine,michelle_lawler,Lorraine,Michelle Lawler,
driver,rob_priester,Driver,Rob Priester,
frat_boy,armand_aucamp,Frat Boy,Armand Aucamp,
pmc_gary,robert_hobbs,PMC Gary,Robert Hobbs,
pmc,craig_macrae,PMC,Craig Macrae,
nurse,elisha_mudly,Nurse,Elisha Mudly,
reaper_pilot,stephen_newton,Reaper Pilot,Stephen Newton,
obaid,rameez_nordien,Obaid,Rameez Nordien,
taliban_fighter,ernest_stclair,Taliban Fighter,Ernest St.Clair,
pakistani_woman,tarryn_steyn,Pakistani Woman,Tarryn Steyn,
command_control_man,jan_dose,Command & Control Man,Jan Dose,
ambassador_jamil,adnan_maral,Ambassador Jamil,Adnan Maral,
steffan,joshio_marlon,Steffan,Joshio Marlon,
hacker_2,juno_meinecke,Hacker #2,Juno Meinecke,
village_priest,rainer_reiners,Village Priest,Rainer Reiners,
ayla,lea_van_acken,Ayla,Lea van Acken,
dr_droz,markus_von_lingen,Dr. Droz,Markus von Lingen,
bodega_proprietor,liche_ariza,Bodega Proprietor,Liche Ariza,
dars_driver,rod_brogan,Dar's Driver,Rod Brogan,
randy_barbetta,matt_dellapina,Randy Barbetta,Matt Dellapina,
mbengah,ian_duff,Mbengah,Ian Duff,
esu_lieutenant_marcus,mitchell_hall,ESU Lieutenant Marcus,Mitchell Hall,
josie,lorrie_odom,Josie,Lorrie Odom,
fbi_agent,brian_brightman,FBI Agent,Brian Brightman,
hotel_desk_clerk_dent,enya_flack,Hotel Desk Clerk Dent,Enya Flack,
pat_steyer,ricky_wayne,Pat Steyer,Ricky Wayne,
patrolman,anthony_addabbo,Patrolman,Anthony Addabbo,
retired_soldier_davis,ari_blinder,Retired Soldier Davis,Ari Blinder,
ups_agent,justin_m_boyd,UPS Agent,Justin M. Boyd,
younger_vet,des_epps,Younger Vet,Des Epps,
pfc_fernandez,john_gabriel,PFC Fernandez,John Gabriel,
photographer,chris_rogus,Photographer,Chris Rogus,
rebecca_morrison,abby_corrigan,Rebecca Morrison,Abby Corrigan,
sentry,tj_hassan,Sentry,TJ Hassan,
man,michael_mccauley,Man,Michael McCauley,
tac_team_agent,scott_parks,TAC Team Agent,Scott Parks,
maurice_johnston,tony_senzamici,Maurice Johnston,Tony Senzamici,
sergeant,zeeko_zaki,Sergeant,Zeeko Zaki,
holly,caity_brewer,Holly,Caity Brewer,
javadis_assistant,mohamed_choubi,Javadi's Assistant,Mohamed Choubi,
security_guard,anas_el_akil,Security Guard,Anas El Akil,
imams_wife,iliana_garcia,Imam's Wife,Iliana Garcia,
security_guard,fernando_martinez,Security Guard,Fernando Martinez,
watcher_1,matthew_rimmer,Watcher #1,Matthew Rimmer,
reaper_captain,edith_snow,Reaper Captain,Edith Snow,
roxanne,lisa_tharps,Roxanne,Lisa Tharps,
haqqanis_wife,michal_banai,Haqqani's Wife,Michal Banai,
staff_nurse,nazli_george,Staff Nurse,Nazli George,
boy,dayne_green,Boy,Dayne Green,
widow,barbaramarie_immelman,Widow,Barbara-Marié Immelman,
marine_sergeant,mzu_ntantiso,Marine Sergeant,Mzu Ntantiso,
warrior,sharief_smith,Warrior,Sharief Smith,
man_in_car,vasim_vhora,Man in Car,Vasim Vhora,
anders,joel_basman,Anders,Joel Basman,
radwan,uriel_emil,Radwan,Uriel Emil,
lead_guard,christoph_glaubacker,Lead Guard,Christoph Glaubacker,
gregor,max_mauff,Gregor,Max Mauff,https://www.imdb.com/title/tt1796960/characters/nm1090576
hacker_3,sophie_pfennigstorf,Hacker #3,Sophie Pfennigstorf,
proprietor,michael_schiller,Proprietor,Michael Schiller,
palestinian_man,mansour_badri,Palestinian Man,Mansour Badri,
gun_shop_proprietor,chris_barnes,Gun Shop Proprietor,Chris Barnes,
federal_judge,jane_dashow,Federal Judge,Jane Dashow,
secret_service_agent_1,gene_gabriel,Secret Service Agent #1,Gene Gabriel,
school_principal_beth,lisha_mckoy,School Principal Beth,Lisha McKoy,
female_secret_service_agent,sejal_shah,Female Secret Service Agent,Sejal Shah,
rcb_reporter,sarah_east,RCB Reporter,Sarah East,
shari_braun,tess_malis_kincaid,Shari Braun,Tess Malis Kincaid,
terry_mullen,john_newberg,Terry Mullen,John Newberg,
fbi_operative,christopher_parker,FBI Operative,Christopher Parker,
hayadams_desk_clerk,craig_pearman,Hay-Adams Desk Clerk,Craig Pearman,
reporter,elena_bargo,Reporter,Elena Bargo,
cia_officer_1,cynthia_barrett,CIA Officer #1,Cynthia Barrett,
discussion_leader,george_bryant_ii,Discussion Leader,George Bryant II,
newscaster,sasha_rionda,Newscaster,Sasha Rionda,
josh,josh_segarra,Josh,Josh Segarra,
guard,hakim_callender,Guard,Hakim Callender,
stunt_driver_dana,jessica_ford,Stunt Driver Dana,Jessica Ford,
diane_johnston,bethany_geaber,Diane Johnston,Bethany Geaber,
lulu,yakini_horn,Lulu,Yakini Horn,
tad_groote,jacob_leinbach,Tad Groote,Jacob Leinbach,
imam,haythem_noor,Imam,Haythem Noor,
tac_team_agent,jason_wesley,TAC Team Agent,Jason Wesley,
thief,raul_alcocer,Thief,Raul Alcocer,
irgc_commander,younes_bouab,IRGC Commander,Younes Bouab,
watcher_2,thomas_clark,Watcher #2,Thomas Clark,
repaer_lieutenant,jimmy_gonzales,Repaer Lieutenant,Jimmy Gonzales,
sandy,garrett_hines,Sandy,Garrett Hines,
reception_clerk,aziz_laalaj,Reception Clerk,Aziz Laalaj,
special_justice,michael_e_sanders,Special Justice,Michael E. Sanders,
monroe,aaron_serotsky,Monroe,Aaron Serotsky,
dr_avery,randall_taylor,Dr. Avery,Randall Taylor,
woman,esperanzia_adonis,Woman,Esperanzia Adonis,
priest,dennis_benneyworth,Priest,Dennis Benneyworth,
aide,chi_mhende,Aide,Chi Mhende,
mohsen,zain_mia,Mohsen,Zain Mia,
syrian_woman,myriam_abbas,Syrian Woman,Myriam Abbas,
icu_nurse_1,michelle_beck,ICU Nurse #1,Michelle Beck,
female_hacker,tinka_furst,Female Hacker,Tinka Fürst,
lenya,nikola_kastner,Lenya,Nikola Kastner,https://www.imdb.com/title/tt1796960/characters/nm0441003
hotel_worker,janina_agnes_schroder,Hotel Worker,Janina Agnes Schröder,
clinic_assistant,adrian_zwicker,Clinic Assistant,Adrian Zwicker,
clarence_jackson,leajato_amara_robinson,Clarence Jackson,Leajato Amara Robinson,
hotel_manager,faust_checho,Hotel Manager,Faust Checho,
tan,marcus_choi,Tan,Marcus Choi,
pickup_truck_driver,tracy_friedman,Pickup Truck Driver,Tracy Friedman,
secret_service_agent_2,nicholas_tucci,Secret Service Agent #2,Nicholas Tucci,
emt,rebecca_white,EMT,Rebecca White,
supermarket_employee,bill_winkler,Supermarket Employee,Bill Winkler,
julia_clarke,brittany_guess,Julia Clarke,Brittany Guess,
vp_aide_kyle,drew_matthews,VP Aide Kyle,Drew Matthews,
chief_justice,john_moon,Chief Justice,John Moon,
emt_julie,melissa_navia,EMT Julie,Melissa Navia,
clints_mother,laureen_e_smith,Clint's Mother,Laureen E. Smith,
male_reporter,james_edward_thomas,Male Reporter,James Edward Thomas,
fbi_special_agent_1,henry_bazemore_jr,FBI Special Agent #1,Henry Bazemore Jr.,
driver,korey_jackson,Driver,Korey Jackson,
interviewer,l_derek_leonidoff,Interviewer,L. Derek Leonidoff,
alan_quick,dan_mengini,Alan Quick,Dan Mengini,
stuart_strickland,anthony_reynolds,Stuart Strickland,Anthony Reynolds,
news_anchor,genevive_barker,News Anchor,Genevive Barker,
karl,stephen_delaney,Karl,Stephen Delaney,
detective,jon_kohler,Detective,Jon Kohler,
mohammed_al_ghamdi,fawad_siddiqui,Mohammed Al Ghamdi,Fawad Siddiqui,
lawyer,aaron_farb,Lawyer,Aaron Farb,
shotgun,aurelio_lima,Shotgun,Aurelio Lima,
border_guard,jessejames_locorriere,Border Guard,Jessejames Locorriere,
tac_team_leader,judd_lormand,TAC Team Leader,Judd Lormand,
man,hichame_ouraqa,Man,Hichame Ouraqa,
paf_lieutenant,yves_garnier,PAF Lieutenant,Yves Garnier,
guard,dean_johnson,Guard,Dean Johnson,
female_analyst,bianca_simone_mannie,Female Analyst,Bianca Simone Mannie,
dr_rudolf,jorg_hartmann,Dr. Rudolf,Jörg Hartmann,
assistant,lucie_pohl,Assistant,Lucie Pohl,
driver,andrei_zayats,Driver,Andrei Zayats,
nurse_sheehan,gameela_wright,Nurse Sheehan,Gameela Wright,
cnb_reporter,todd_alan_crain,CNB Reporter,Todd Alan Crain,
reporter_1,steven_fabian,Reporter #1,Steven Fabian,
mossad_tech,yassine_fadel,Mossad Tech,Yassine Fadel,
burly_cop,jeff_gurner,Burly Cop,Jeff Gurner,
francisco,kevin_martinez_rivera,Francisco,Kevin Martinez Rivera,
coworker_1,michelle_simone_miller,Co-Worker #1,Michelle Simone Miller,
cnb_news_anchor,diana_perez,CNB News Anchor,Diana Perez,
kevin_chan,austin_ku,Kevin Chan,Austin Ku,
fbi_driver,nick_larocca,FBI Driver,Nick LaRocca,
hayadams_concierge,euseph_messiah,Hay-Adams Concierge,Euseph Messiah,
emt_nate,brian_michael,EMT Nate,Brian Michael,
james_schroder,scott_poythress,James Schroder,Scott Poythress,
er_nurse,yvonne_valadez,ER Nurse,Yvonne Valadez,
fps_officer_2,matthew_cornwell,FPS Officer #2,Matthew Cornwell,
marine_1,craig_galloway,Marine #1,Craig Galloway,
guest,crystal_garrett,Guest,Crystal Garrett,
reporter_1,todd_truley,Reporter #1,Todd Truley,
detective,paul_urcioli,Detective,Paul Urcioli,
team_leader,gal_amitai,Team Leader,Gal Amitai,
chaplin,clay_heatley,Chaplin,Clay Heatley,
attendant,sean_russel_herman,Attendant,Sean Russel Herman,
navy_seal_2,scott_puckett,Navy Seal 2,Scott Puckett,
foreign_correspondent,tom_werme,Foreign Correspondent,Tom Werme,
doctor,anas_bensalama,Doctor,Anas Bensalama,
analyst,casey_brancato,Analyst,Casey Brancato,
crazy_patient,robert_haulbrook,Crazy Patient,Robert Haulbrook,
bailiff_cynthia_touhy,jennifer_christa_palmer,Bailiff Cynthia Touhy,Jennifer Christa Palmer,https://www.imdb.com/title/tt1796960/characters/nm3087511
iranian_agent,monier_west,Iranian Agent,Monier West,
taliban_spokesman,abu_baker,Taliban Spokesman,Abu Baker,
admiral,stephen_jennings,Admiral,Stephen Jennings,
mother_in_chapel,silvina_buchbauer,Mother in Chapel,Silvina Buchbauer,
demet,gizem_emre,Demet,Gizem Emre,
ali,hussi_kutlucan,Ali,Hussi Kutlucan,
amena,aylin_tezel,Amena,Aylin Tezel,
grete,franziska_weisz,Grete,Franziska Weisz,
justine,kaitlin_mesh,Justine,Kaitlin Mesh,
mossad_taxi_driver,mohamed_attougui,Mossad Taxi Driver,Mohamed Attougui,
national_guardsman,ariel_eliaz,National Guardsman,Ariel Eliaz,
coworker_2,william_farrell,Co-Worker #2,William Farrell,
officer_vreeland,joe_giorgio,Officer Vreeland,Joe Giorgio,
officer_murphy,patrick_noonan,Officer Murphy,Patrick Noonan,
teacher,guy_olivieri,Teacher,Guy Olivieri,
reporter_2,roxana_saberi,Reporter #2,Roxana Saberi,
female_reporter,christina_bach,Female Reporter,Christina Bach,
parking_lot_attendant,jock_mckissic,Parking Lot Attendant,Jock McKissic,
prison_warden_ortiz,antwan_mills,Prison Warden Ortiz,Antwan Mills,
jen_rosenberg,amy_parrish,Jen Rosenberg,Amy Parrish,
fbi_tech,vince_pisani,FBI Tech,Vince Pisani,
fbi_commander,robert_pralgo,FBI Commander,Robert Pralgo,
russian_ops_guy,roman_roytberg,Russian Ops Guy,Roman Roytberg,
protester,kevin_wayne,Protester,Kevin Wayne,
russian_interpreter,zoltan_zicherman,Russian Interpreter,Zoltán Zicherman,
young_man,bryan_adrian,Young Man,Bryan Adrian,
reporter_2,chris_bretscher,Reporter #2,Chris Bretscher,
fps_officer_3,angelo_datseris,FPS Officer #3,Angelo Datseris,
broker,ravi_naidu,Broker,Ravi Naidu,
warzer_zafir,ali_suliman,Warzer Zafir,Ali Suliman,
flight_attendant,tamara_arias,Flight Attendant,Tamara Arias,
hezbollah_leader,hilal_kaboub,Hezbollah Leader,Hilal Kaboub,
teacher,susan_williams,Teacher,Susan Williams,
senator_jocelyn_cates,tammy_arnold,Senator Jocelyn Cates,Tammy Arnold,
first_woman,farida_bouaazaoui,First Woman,Farida Bouaazaoui,
orderly_2,thomas_elliott,Orderly #2,Thomas Elliott,
reporter_1,samantha_hines,Reporter #1,Samantha Hines,
iraqi_cop_1,abraham_makany,Iraqi Cop 1,Abraham Makany,
medical_technician,sandi_scheier,Medical Technician,Sandi Scheier,
elderly_patient,gulam_mahomed,Elderly Patient,Gulam Mahomed,
sergeant,adam_neill,Sergeant,Adam Neill,
marine,nic_rasenti,Marine,Nic Rasenti,
khadija,july_namir,Khadija,July Namir,
lothar,pablo_sprungala,Lothar,Pablo Sprungala,
polish_police_officer,adrian_topol,Polish Police Officer,Adrian Topol,
mona,mugga,Mona,Mugga,
agent_mazilli,michael_buoni,Agent Mazilli,Michael Buoni,
mossad_scooter_driver,stephanie_guerin,Mossad Scooter Driver,Stéphanie Guerin,
reporter_3,amy_holmes,Reporter #3,Amy Holmes,
mobile_command_tech,graham_powell,Mobile Command Tech,Graham Powell,
tv_news_reporter,dan_truman,TV News Reporter,Dan Truman,
male_reporter,casey_ford_alexander,Male Reporter,Casey Ford Alexander,
fbi_tech,alan_boell,FBI Tech,Alan Boell,
secure_site_guard,aaron_gillespie,Secure Site Guard,Aaron Gillespie,
frances,katie_killacky,Frances,Katie Killacky,
judge_moreno,tania_mejia,Judge Moreno,Tania Mejia,
bellboy_jack,alex_vaughn_miller,Bellboy Jack,Alex Vaughn Miller,
male_reporter,paul_ryden,Male Reporter,Paul Ryden,
uber_driver_doug,nate_walker,Uber Driver Doug,Nate Walker,
neighbor_woman,jes_dugger,Neighbor Woman,Jes Dugger,
orderly,jamie_renell,Orderly,Jamie Renell,
hasan_ibrahim,yousef_sweid,Hasan Ibrahim,Yousef 'Joe' Sweid,
sniper_team_leader,matan_amit,Sniper Team Leader,Matan Amit,
guard,heanon_tate,Guard,Heanon Tate,
hassan,monte_bezell,Hassan,Monte Bezell,
reporter_2,jamie_boll,Reporter #2,Jamie Boll,
brodys_guard,boussalem,Brody's Guard,Boussalem,
bailiff,pete_burris,Bailiff,Pete Burris,
officer_mills,jim_r_coleman,Officer Mills,Jim R. Coleman,
general_mckay,jon_stafford,General McKay,Jon Stafford,
annabel,taylor_treadwell,Annabel,Taylor Treadwell,
captain_fox,charlie_bouguenon,Captain Fox,Charlie Bouguenon,
large_man,waheed_samsoodeen,Large Man,Waheed Samsoodeen,
sergeant,sebastian_stielke,Sergeant,Sebastian Stielke,
farez,abdeslam_bouhcini,Farez,Abdeslam Bouhcini,
fbi_agent,parker_madison,FBI Agent,Parker Madison,https://www.imdb.com/title/tt1796960/characters/nm4670418
town_car_driver,victor_joel_ortiz,Town Car Driver,Victor Joel Ortiz,
us_marshal,michael_alban,US Marshal,Michael Alban,
michael_priess,michael_houston_king,Michael Priess,Michael Houston King,
masked_guard,istvan_draco_markolt,Masked Guard,István Draco Markolt,
heckler_1,mike_marunde,Heckler #1,Mike Marunde,
anesthesiologist,thom_scott_ii,Anesthesiologist,Thom Scott II,
state_dept_employee,mike_sulick,State Dept. Employee,Mike Sulick,
female_reporter,rachael_thompson,Female Reporter,Rachael Thompson,
prison_guard_davis,mike_whaley,Prison Guard Davis,Mike Whaley,
troll,jordan_woodsrobinson,Troll,Jordan Woods-Robinson,
nurse,sharon_conley,Nurse,Sharon Conley,
iraqi_officer,jameel_khoury,Iraqi Officer,Jameel Khoury,
iraqi_cop_3,mazin_akar,Iraqi Cop 3,Mazin Akar,
aurelio_diaz,joseph_castillomidyett,Aurelio Diaz,Joseph Castillo-Midyett,https://www.imdb.com/title/tt1796960/characters/nm3804165
reporter_3,ashlea_kosikowski,Reporter #3,Ashlea Kosikowski,
security_officer,moutaouakil_mohammed,Security Officer,Moutaouakil Mohammed,
lisa,amy_tipton,Lisa,Amy Tipton,
interpreter,lafi_khalil,Interpreter,Lafi Khalil,
svr_anton_lenkov,oliver_schindler,SVR Anton Lenkov,Oliver Schindler,
hugo,anthony_michael_lopez,Hugo,Anthony Michael Lopez,
agent_1,alexander_quiroga,Agent #1,Alexander Quiroga,
acs_receptionist,myxolydia_tyler,ACS Receptionist,Myxolydia Tyler,
aide_to_saul,marcel_p_ames,Aide to Saul,Marcel P. Ames,
man_in_lobby,larry_herring,Man in Lobby,Larry Herring,
med_tech,emmett_hunter,Med Tech,Emmett Hunter,
heckler_2,chris_raines,Heckler #2,Chris Raines,
airport_sergeant,igor_szasz,Airport Sergeant,Igor Szasz,
prison_guard,byan_anteer,Prison Guard,Byan Anteer,
anesthesiologist,brian_lafontaine,Anesthesiologist,Brian Lafontaine,
local_chaser,george_iskandar,Local Chaser,George Iskandar,
iranian_sergeant,behzad_dabiri,Iranian Sergeant,Behzad Dabiri,
clerk,brandon_gregory,Clerk,Brandon Gregory,
nassrins_servant,kaghat,Nassrin's Servant,Kaghat,
cedeno,carlos_alberto_lopez,Cedeno,Carlos Alberto Lopez,
officer_simon,leon_pridgen,Officer Simon,Leon Pridgen,
er_nurse_1,jana_voosen,ER Nurse #1,Jana Voosen,
frannys_teacher,cynthia_bastidas,Franny's Teacher,Cynthia Bastidas,
cafe_waitress,carly_turro,Cafe Waitress,Carly Turro,
cnb_newscaster,julie_bragg,CNB Newscaster,Julie Bragg,
cnb_reporter,shelby_brown,CNB Reporter,Shelby Brown,
prison_guard_1,mel_burch,Prison Guard #1,Mel Burch,
gru_tech,zsolt_viczei,GRU Tech,Zsolt Viczei,
female_worshipper_1,zihab_muchreb,Female Worshipper #1,Zihab Muchreb,
customs_officer,loai_nofi,Customs Officer,Loai Nofi,
carmelo_diaz,josue_gutierrez,Carmelo Diaz,Josué Gutierrez,https://www.imdb.com/title/tt1796960/characters/nm1197250
surgical_nurse_1,dena_tyler,Surgical Nurse #1,Dena Tyler,
tac_team_1,kyle_klaus,TAC Team #1,Kyle Klaus,
diner_waitress,cynthia_elane,Diner Waitress,Cynthia Elane,
receptionist,sarah_wilson,Receptionist,Sarah Wilson,
prison_guard_2,wil_j_jackson,Prison Guard #2,Wil J. Jackson,
oleg,gyula_mesterhazy,Oleg,Gyula Mesterházy,
court_clerk,riley_scigliano,Court Clerk,Riley Scigliano,
female_worshipper_2,yasmin_hadar,Female Worshipper #2,Yasmin Hadar,
passenger,herzl_tobey,Passenger,Herzl Tobey,
bellman,yasser_el_aomaryine,Bellman,Yasser El Aomaryine,
helen,lynn_talley,Helen,Lynn Talley,
yoga_instructor,david_waschko,Yoga Instructor,David Waschko,
surgical_nurse_2,clara_emanuel,Surgical Nurse #2,Clara Emanuel,
tac_team_2,sean_ricciardi,TAC Team #2,Sean Ricciardi,
woman_at_car,aja_frary,Woman at Car,Aja Frary,
reporter_nancy,nancy_sun,Reporter Nancy,Nancy Sun,
moscow_police_officer,denes_balind,Moscow Police Officer,Dénes Bálind,
secretary_of_state,matt_gulbranson,Secretary of State,Matt Gulbranson,
prison_guard_3,graham_wolfe,Prison Guard #3,Graham Wolfe,
driver,hisham_suliman,Driver,Hisham Suliman,
anoush,sanjit_de_silva,Anoush,Sanjit De Silva,
waldorf_reporter_1,meredyth_kenney,Waldorf Reporter #1,Meredyth Kenney,https://www.imdb.com/title/tt1796960/characters/nm6641260
safe_house_doorman,michael_de_nola,Safe House Doorman,Michael De Nola,
reporter_2,harry_sutton_jr,Reporter #2,Harry Sutton Jr.,
newscaster_1,mitch_carr,Newscaster #1,Mitch Carr,
anne_snider,tracy_wiu,Anne Snider,Tracy Wiu,
er_dr_holst,pierre_kiwitt,ER Dr. Holst,Pierre Kiwitt,
neighborhood_kid,darren_bowman,Neighborhood Kid,Darren Bowman,
newscaster_2,cheryl_e_miller,Newscaster #2,Cheryl E. Miller,
walter_walker,patrick_g_keenan,Walter Walker,Patrick G. Keenan,
german_lawyer,arnd_klawitter,German Lawyer,Arnd Klawitter,
waldorf_reporter_3,cathleen_trigg,Waldorf Reporter #3,Cathleen Trigg,
war_veteran_2,steven_demarco,War Veteran #2,Steven DeMarco,
lynn_carras,stacia_fernandez,Lynn Carras,Stacia Fernandez,
afrogerman_woman,florence_adjidome,Afro-German Woman,Florence Adjidome,
security_guard_demarco,michael_elian,Security Guard DeMarco,Michael Elian,
war_veteran_3,rj_foster,War Veteran #3,R.J. Foster,
martin_carras,jamie_moore,Martin Carras,Jamie Moore,
german_passenger,thomas_arnold,German Passenger,Thomas Arnold,
security_guard_warren,victor_plajas,Security Guard Warren,Victor Plajas,
flashback_black_ops_2,adam_wood,Flashback Black Ops #2,Adam Wood,
female_college_student,livia_matthes,Female College Student,Livia Matthes,
gina,mandy_james_morgan,Gina,Mandy James Morgan,
german_father,jan_bohme,German Father,Jan Böhme,
cia_analyst,ron_stafford,CIA Analyst,Ron Stafford,
jackie_marr,sibongile_mlambo,Jackie Marr,Sibongile Mlambo,
cia_analyst,mark_wijsman,CIA Analyst,Mark Wijsman,https://www.imdb.com/title/tt1796960/characters/nm2127619
graduate_student,brittney_aleah,Graduate Student,Brittney Aleah,
downtown_nd_pedestrian,olivia_bailey,Downtown ND Pedestrian,Olivia Bailey,
secret_service,frank_bliss,Secret Service,Frank Bliss,
secret_service_agent,ulysses_e_campbell,Secret Service Agent,Ulysses E. Campbell,
barfly,paul_delia,Barfly,Paul D'Elia,
brunette_nurse,sonia_debreczeni,Brunette Nurse,Sonia Debreczeni,
fbi_agent,chino_g,FBI Agent,Chino G.,
sauls_secretary,valerie_grace,Saul's Secretary,Valerie Grace,
2nd_lieutenant,allan_meade_jr,2nd Lieutenant,Allan Meade Jr.,
secret_service_agent,darin_moore,Secret Service Agent,Darin Moore,
hotel_guest,penny_nichols,Hotel Guest,Penny Nichols,
senate_staffer,shelley_novak,Senate Staffer,Shelley Novak,
audience_member,janae_palmer,Audience Member,Janae Palmer,
fbi_agent,mike_scerbo,FBI Agent,Mike Scerbo,
secret_service,jt_talley,Secret Service,J.T. Talley,
lawyer,rick_tyler,Lawyer,Rick Tyler,
politician,mark_falvo,Politician,Mark Falvo,
us_marshal,jeffrey_s_smith,Us marshal,Jeffrey S Smith,
president_keane_secret_service,lamont_easter,President Keane Secret Service,Lamont Easter,
waitress,kristi_booher,Waitress,Kristi Booher,
alexandra,faith_logan,Alexandra,Faith Logan,
us_secret_service_agent,guy_sparks,US Secret Service Agent,Guy Sparks,
prisoner,chris_condetti,Prisoner,Chris Condetti,
pedestrian,preslaysa_edwards,Pedestrian,Preslaysa Edwards,
mental_patient,kathy_walton,Mental Patient,Kathy Walton,
agitator,gregory_marshall_smith,Agitator,Gregory Marshall Smith,
whitehouse_staffer,jeff_moore,Whitehouse Staffer,Jeff Moore,
marine,harley_castro,Marine,Harley Castro,
cia_memorial_guest,anne_schmitt,CIA Memorial Guest,Anne Schmitt,
air_force_drone_pilot,mark_guy_thompson,Air Force Drone Pilot,Mark Guy Thompson,
money_launderer,mark_salas,Money Launderer,Mark Salas,
cia_technician,geoffrey_rude,CIA Technician,Geoffrey Rude,
otto_durings_aide,chris_theisinger,Otto Düring's Aide,Chris Theisinger,
audience_member,john_s_howell_sr,Audience Member,John S. Howell Sr.,
armored_guard,roger_tyler,Armored Guard,Roger Tyler,
cia_senior_analyst,miller_carbon,CIA Senior Analyst,Miller Carbon,
protester,mehmet_korhan,Protester,Mehmet Korhan,
drone_pilot,ted_lacki,Drone Pilot,Ted Lacki,
cia_analyst,lane_lovegrove,CIA Analyst,Lane Lovegrove,
iranian_solider,fabian_starr,Iranian Solider,Fabian Starr,
cashier,bonnie_cole,Cashier,Bonnie Cole,
demonstrator,robert_crayton,Demonstrator,Robert Crayton,
cia_tech,dennis_layden,CIA Tech,Dennis Layden,
girl_at_picnic,blythe_barringtonhughes,Girl at Picnic,Blythe Barrington-Hughes,
paparazzi,karrie_crocker,Paparazzi,Karrie Crocker,
navy_seal,don_folz,Navy Seal,Don Folz,
chiefs_of_staff_aide,tj_lyell,Chiefs of Staff Aide,T.J. Lyell,
detective,willie_tyrone_ferguson,Detective,Willie Tyrone Ferguson,
cia_senior_analyst,fred_galle,CIA Senior Analyst,Fred Galle,
cia_tech,brent_gribble,CIA Tech,Brent Gribble,
mob_boss,john_merical,Mob Boss,John Merical,
banker,david_n_russell,Banker,David N. Russell,
cia_widow,marlo_scheitler,CIA Widow,Marlo Scheitler,
protester,lynn_golden,Protester,Lynn Golden,
delivery_guy,adam_goodnoffcernese,Delivery Guy,Adam Goodnoff-Cernese,
ecomcom_employee,john_madigan,EComCom Employee,John Madigan,
police_officer,lynn_marocola,Police Officer,Lynn Marocola,
restaurant_patron,raymond_h_johnson,Restaurant Patron,Raymond H. Johnson,
mourner,george_ludden,Mourner,George Ludden,
4_star_army_general,phil_notarange,4 Star Army General,Phil Notarange,
mourner,bobbie_peterson,Mourner,Bobbie Peterson,
lawyer,janet_devine_smith,Lawyer,Janet Devine Smith,
attendee,treava,Attendee,Treava,
mourner,grace_van_eps,Mourner,Grace Van Eps,
compound_kid,garrett_woodrum,Compound Kid,Garrett Woodrum,
waitress,beth_adams,Waitress,Beth Adams,
cia_agent,scott_alms,CIA Agent,Scott Alms,
marine_at_church,toochukwu_tc_anyachonkeya,Marine At Church,Toochukwu T.C. Anyachonkeya,
mr_reed,lindsay_ayliffe,Mr. Reed,Lindsay Ayliffe,
cia_analyst,karen_boles,CIA Analyst,Karen Boles,
security_guard,jeremy_bonham,Security Guard,Jeremy Bonham,
demonstrator,cabrenna_h_burks,Demonstrator,Cabrenna H Burks,
daniel_benton,don_calhoun,Daniel Benton,Don Calhoun,
reporter,kerry_cashion,Reporter,Kerry Cashion,
man_outside_diner,brian_cole,Man Outside Diner,Brian Cole,
veteran,christopher_cozort,Veteran,Christopher Cozort,
secret_service_agent,rajab_croswell,Secret Service Agent,Rajab Croswell,
bar_patron,blair_landon_dimmick,Bar Patron,Blair Landon Dimmick,
diner_patron,cindy_dozier,Diner Patron,Cindy Dozier,
marine,joey_duckworth,Marine,Joey Duckworth,
protester,april_eliza,Protester,April Eliza,
muslim_kidnapper,nick_errato,Muslim Kidnapper,Nick Errato,
news_cameraman,daniel_freeze,News cameraman,Daniel Freeze,
mrs_reed,patricia_garvin,Mrs. Reed,Patricia Garvin,
realtor,christina_geraghty,Realtor,Christina Geraghty,
vp_secret_service_agent,randy_grazio,VP Secret Service Agent,Randy Grazio,
rep_johnsons_political_aide,mark_guthrie,Rep. Johnson's Political Aide,Mark Guthrie,
air_force_soldier,jonathan_hart,Air Force Soldier,Jonathan Hart,
nicholas_brody_guest,marki_henderson,Nicholas Brody guest,Marki Henderson,
military_press,dean_allen_jones,Military Press,Dean Allen Jones,
bartender,joshua_jones,Bartender,Joshua Jones,
airman,phill_koch,Airman,Phill Koch,
marine_veteran,wallace_krebs,Marine Veteran,Wallace Krebs,
marine_3,jake_lampack,Marine #3,Jake Lampack,
protestor,elizabeth_ashley_lawson,Protestor,Elizabeth Ashley Lawson,
onlooker,grace_layden,Onlooker,Grace Layden,
female_photographer,susan_hope_lee,Female Photographer,Susan Hope Lee,
secret_service,bill_martin,Secret Service,Bill Martin,
frisbee_thrower,patrick_mcmillan,Frisbee Thrower,Patrick McMillan,
homeless_man,mcpherson,Homeless Man,McPherson,
gettysburg_field_trip_student,jaxson_mitchell,Gettysburg Field Trip Student,Jaxson Mitchell,
protester,rigo_nova,Protester,Rigo Nova,
saloon_patron_at_bar,tim_olcott,Saloon Patron at Bar,Tim Olcott,
senator_duff,w_scott_parker_iii,Senator Duff,W. Scott Parker III,
airport_patron,robyn_parnell,Airport Patron,Robyn Parnell,
jimmy,bobby_perry_ii,Jimmy,Bobby Perry II,
midgawker,linda_phannareth,Mid-Gawker,Linda Phannareth,
saudi_prince_club_girl,jessica_richards,Saudi Prince Club Girl,Jessica Richards,
marine_2,aaron_rosendary,Marine #2,Aaron Rosendary,
bbq_guest,jennifer_russoli,BBQ Guest,Jennifer Russoli,
college_student,jordan_sadri,College Student,Jordan Sadri,
military_police,ian_stylezz,Military Police,Ian Stylezz,
saudi_prince_assistent,jawad_talpur,Saudi Prince Assistent,Jawad Talpur,
party_guest,trey_taylor,Party Guest,Trey Taylor,
bus_passenger,nick_thies,Bus Passenger,Nick Thies,
muslim_protester,alexandria_tisdale,Muslim Protester,Alexandria Tisdale,
samuel_everett,eli_walker,Samuel Everett,Eli Walker,
midgawker,memi_west,Mid-Gawker,Memi West,
bbq_guest,justin_wheelon,BBQ Guest,Justin Wheelon,
onlooker,ebony_wilson,Onlooker,Ebony Wilson,
school_girl,rachel_e_wilson,School Girl,Rachel E Wilson,
marine_2,michael_wix,Marine #2,Michael Wix,
bar_patron,laura_avnaim,Bar Patron,Laura Avnaim,
colton_prep_student,madison_drew_barrett,Colton Prep Student,Madison Drew Barrett,
colton_prep_student,sabrina_battiston,Colton Prep Student,Sabrina Battiston,
marine,bill_bennett,Marine,Bill Bennett,
army_national_guardsman,jason_bigart,Army National Guardsman,Jason Bigart,
cia_agent,giovanna_braund,CIA Agent,Giovanna Braund,
fbi_explosives_tech,frederick_carpenter,FBI Explosives Tech,Frederick Carpenter,
national_guard,kevin_m_conte,National Guard,Kevin M. Conte,
colton_school_teen_boy,grant_christian_couch,Colton School Teen Boy,Grant Christian Couch,
virginia_state_trooper,ryan_daddi,Virginia State Trooper,Ryan Daddi,
businessman,corey_d_dargan,Businessman,Corey D. Dargan,
fbi_agent,gordon_dillard_jr,FBI Agent,Gordon Dillard Jr.,
brody_supporter,jordan_googe,Brody Supporter,Jordan Googe,
red_1,sam_heughan,Red 1,Sam Heughan,
prep_school_student,king_hoey,Prep School Student,King Hoey,
tech,lexie_huber,Tech,Lexie Huber,
navy_soldier,chancy_johnson,Navy Soldier,Chancy Johnson,
secret_service,chad_kurtz,Secret Service,Chad Kurtz,
party_guest,cody_lowe,Party Guest,Cody Lowe,
angry_driver,dean_lyons,Angry Driver,Dean Lyons,
hero_terrorist,aris_platon_mpougas,Hero Terrorist,Aris Platon Mpougàs,
bellhop,joey_oconnor,Bellhop,Joey O'Connor,
alicia,jannette_sepwa,Alicia,Jannette Sepwa,
colton_school_student,austin_spero,Colton School Student,Austin Spero,
fbi_bomb_tech,jeff_strickland,FBI Bomb Tech,Jeff Strickland,
nurse,meg_watson,Nurse,Meg Watson,
cia_guard,matt_whitnack,CIA Guard,Matt Whitnack,
iranian_soldier,matt_amick,Iranian Soldier,Matt Amick,
police_officer,evan_d_anderson,Police Officer,Evan D. Anderson,
cia_widow,kelly_borgnis,CIA Widow,Kelly Borgnis,
psych_ward_patient,deanna_brandon,Psych Ward Patient,DeAnna Brandon,
bank_customer,john_carter,Bank Customer,John Carter,
courtroom_observer,derwin_frank,Courtroom Observer,Derwin Frank,
walking_venezuela_girl,alexandra_lopez_galan,Walking Venezuela Girl,Alexandra Lopez Galan,
mental_hospital_visitor,mc_hagerman,Mental Hospital Visitor,M.C. Hagerman,
venezuelan_drug_cartel_member,walid_n_hakim,Venezuelan Drug Cartel Member,Walid N. Hakim,
courtroom_observer,keya_hamilton,Courtroom Observer,Keya Hamilton,
cia_family_member,teagan_heesch,CIA Family Member,Teagan Heesch,
nurse,candice_kimbrough,Nurse,Candice Kimbrough,
jr_analyst_cia,john_landolfi,Jr Analyst CIA,John Landolfi,
rehab_teen,jasmin_morin,Rehab Teen,Jasmin Morin,
photographer,ozzy_ojito,Photographer,Ozzy Ojito,
rehab_teen,rebecca_shrom,Rehab Teen,Rebecca Shrom,
mental_patient,steven_smith,Mental Patient,Steven Smith,
rehab_teen,shelby_townsend,Rehab Teen,Shelby Townsend,
cia_analyst,brian_patrick_walsh,CIA Analyst,Brian Patrick Walsh,
cia_surveillance,ben_yemba,CIA Surveillance,Ben Yemba,
crockers_assistant,juanique_randall,Crocker's Assistant,Juanique Randall,
iraqi_prisoner,eduardo_arrufatreboso,Iraqi Prisoner,Eduardo Arrufat-Reboso,
german_nurse,helene_cardona,German Nurse,Hélène Cardona,
embassy_associate,annett_culp,Embassy Associate,Annett Culp,
personal_military_constractor,ricardo_ewert,Personal Military Constractor,Ricardo Ewert,
video_jihadist,fahim_fazli,Video Jihadist,Fahim Fazli,
troublemaker,frederik_klaus,Troublemaker,Frederik Klaus,
un_soldier,vitali_kwillitsch,UN soldier,Vitali Kwillitsch,
sergeant_tomanovic,branko_tomovic,Sergeant Tomanovic,Branko Tomovic,https://www.imdb.com/title/tt1796960/characters/nm1036127
iraqi_professional,cem_tuncay,Iraqi Professional,Cem Tuncay,
russian_windbreaker,vladimir_vilanov,Russian Windbreaker,Vladimir Vilanov,
blonde_hospital_visitor,patricia_hodges,Blonde Hospital Visitor,Patricia Hodges,https://www.imdb.com/title/tt1796960/characters/nm3886428
ecomm_security_guard,richard_buckman,ECOMM Security Guard,Richard Buckman,
police_officer,marko_caka,Police Officer,Marko Caka,
hotel_guest,brant_casey,Hotel Guest,Brant Casey,
protester,david_cooke,Protester,David Cooke,
jfk_protestor,bill_delorge,JFK Protestor,Bill DeLorge,
protestor,chris_ecclestone,Protestor,Chris Ecclestone,
protester,mark_c_fullhardt,Protester,Mark C. Fullhardt,
protester,nicole_victoria_galletta,Protester,Nicole Victoria Galletta,
homeless_man,jibril_goodman,Homeless Man,Jibril Goodman,
sophie_winter,ashley_griffin,Sophie Winter,Ashley Griffin,
protester,sara_harman,Protester,Sara Harman,
acs_employee,d_ivery,ACS Employee,D Ivery,
homeless_bag_man,michael_d_joseph,Homeless Bag Man,Michael D. Joseph,
protester,michael_kollias,Protester,Michael Kollias,
protester,zachary_leipert,Protester,Zachary Leipert,
protester,nicole_mayer,Protester,Nicole Mayer,
hotel_guest,amanda_mcnulty,Hotel Guest,Amanda McNulty,
looky_loo,and_palladino,Looky Loo,And Palladino,
pedestrian,leroy_phillips_jr,Pedestrian,Leroy Phillips Jr.,
protester,genoveva_rossi,Protester,Genoveva Rossi,
police_officer,earl_vincent_sherwood_ii,Police Officer,Earl Vincent Sherwood II,
protester,geordy_skolnick,Protester,Geordy Skolnick,
protestor,elizabeth_thorp,Protestor,Elizabeth Thorp,
decoy_president,eha_urbsalu,Decoy President,Eha Urbsalu,
homeless_at_soup_kitchen,bill_walters,Homeless at Soup Kitchen,Bill Walters,
airport_security,thomas_d_weaver,Airport Security,Thomas D. Weaver,
restaurant_patron,james_zeiss,Restaurant Patron,James Zeiss,
mourner,devin_albert,Mourner,Devin Albert,
senator_paley_staffer,sandra_belforte,Senator Paley Staffer,Sandra Belforte,
law_firm_staff,greg_black,Law Firm Staff,Greg Black,
business_man,thomas_c_block,Business man,Thomas C. Block,
white_house_staff,jamaal_burcher,White House Staff,Jamaal Burcher,
nurse,stephanie_cookie_carson,Nurse,Stephanie Cookie Carson,
driver,peter_chiamardas,Driver,Peter Chiamardas,
detective,darrick_claiborne,Detective,Darrick Claiborne,
secret_service_agent,charles_d_clark,Secret Service Agent,Charles D. Clark,
bar_patron,jake_crocker,Bar Patron,Jake Crocker,
white_house_staff,paul_ron_cruz,White House Staff,Paul Ron Cruz,
hotel_guest,elisabeth_daley,Hotel Guest,Elisabeth Daley,
major_jeremy_willows,edward_daniels,Major Jeremy Willows,Edward Daniels,
doctor,kysionia_daye,Doctor,Kysionia Daye,
funeral_attendee,gregory_divers,Funeral Attendee,Gregory Divers,
white_house_staff,lisa_edmondson,White House Staff,Lisa Edmondson,
militia_man,michael_fowle,Militia Man,Michael Fowle,
church_cameraman,herbert_lee_frazier_iii,Church Cameraman,Herbert Lee Frazier III,
hotel_guest,brent_moorer_gaskins,Hotel Guest,Brent Moorer Gaskins,
prisoner,john_d_gordon,Prisoner,John D. Gordon,
mourner,linzi_gray,Mourner,Linzi Gray,
orderly,james_gray_griffin,Orderly,James Gray Griffin,
compound_neighbor,ira_grossman,Compound Neighbor,Ira Grossman,
cia_security_guard,james_hager_ii,CIA Security Guard,James Hager II,
grad_student,lucky_harmon,Grad Student,Lucky Harmon,
white_house_staffer,kathryn_j_hatam,White House Staffer,Kathryn J. Hatam,
coat_check_woman,kaylee_kristin,Coat Check Woman,Kaylee Kristin,
audience_member,reese_langlois,Audience Member,Reese Langlois,
homeless_man,thor_macht,Homeless Man,Thor Macht,
man_on_stairs,terry_mcauliffe,Man on Stairs,Terry McAuliffe,
press_w,kerry_mccoy,Press w,Kerry McCoy,
fbi,gemma_mcilhenny,FBI,Gemma McIlhenny,
grad_student,jesse_milliner,Grad Student,Jesse Milliner,
tv_reporter,anita_moore,TV Reporter,Anita Moore,
white_house_staffer,aaron_t_mott,White House Staffer,Aaron T. Mott,
fbi_agent,jc_oakley_iii,FBI Agent,JC Oakley III,
prison_transfer_guard,robert_olausen,Prison Transfer Guard,Robert Olausen,
grad_student,brendan_petak,Grad Student,Brendan Petak,
hotel_guest,kevin_pitcairn,Hotel Guest,Kevin Pitcairn,
lawyer,greg_puckett,Lawyer,Greg Puckett,
mourner,rick_reeder,Mourner,Rick Reeder,
senator_alex_mendoza,andy_rivera,Senator Alex Mendoza,Andy Rivera,
mayors_daughter,alexandra_rodriguez,Mayor's Daughter,Alexandra Rodriguez,
press,william_shipman,Press,William Shipman,
patron,chuck_taber,Patron,Chuck Taber,
swat_team,todd_patrick_taylor,SWAT Team,Todd Patrick Taylor,
cia_officer_staffer,spencer_trinwith,CIA Officer Staffer,Spencer Trinwith,
russian_businessman,balazs_veres,Russian Businessman,Balázs Veres,
congressional_aide,marla_aaron_wapner,Congressional Aide,Marla Aaron Wapner,
news_press,antoine_d_williams,News Press,Antoine D Williams,
grad_student,marcy_xexelia,Grad Student,Marcy Xexelia,
fbi_agent,christopher_zmuda,FBI Agent,Christopher Zmuda,
